Period 1996 - 2005 - Country - Unnamed: 0_level_2,Period 1996 - 2005 - Population  (thousands) - Unnamed: 1_level_2,Period 1996 - 2005 - Water footprint of consumption of agricultural products - Internal,Period 1996 - 2005 - Water footprint of consumption of agricultural products - Internal.1,Period 1996 - 2005 - Water footprint of consumption of agricultural products - Internal.2,Period 1996 - 2005 - Water footprint of consumption of agricultural products - External,Period 1996 - 2005 - Water footprint of consumption of agricultural products - External.1,Period 1996 - 2005 - Water footprint of consumption of agricultural products - External.2,Period 1996 - 2005 - Water footprint of consumption of industrial products - Internal,Period 1996 - 2005 - Water footprint of consumption of industrial products - Internal.1,Period 1996 - 2005 - Water footprint of consumption of industrial products - External,Period 1996 - 2005 - Water footprint of consumption of industrial products - External.1,Period 1996 - 2005 - Water footprint of domestic water consumption - Unnamed: 12_level_2,Period 1996 - 2005 - Water footprint of domestic water consumption - Unnamed: 13_level_2,Period 1996 - 2005 - Total water footprint of national consumption - Internal,Period 1996 - 2005 - Total water footprint of national consumption - Internal.1,Period 1996 - 2005 - Total water footprint of national consumption - Internal.2,Period 1996 - 2005 - Total water footprint of national consumption - External,Period 1996 - 2005 - Total water footprint of national consumption - External.1,Period 1996 - 2005 - Total water footprint of national consumption - External.2,Period 1996 - 2005 - Total water footprint of national consumption - Total,Period 1996 - 2005 - Total water footprint of national consumption - Total.1,Period 1996 - 2005 - Total water footprint of national consumption - Total.2,Period 1996 - 2005 - Total water footprint of national consumption - Total.3
,,Green,Blue,Grey,Green,Blue,Grey,Blue,Grey,Blue,Grey,blue,grey,Green,Blue,Grey,Green,Blue,Grey,Green,Blue,Grey,Total
Albania,3084.9,602.2315836586439,88.86491480425744,36.48357818121366,492.65913305173393,77.4217894564738,39.46232263969841,2.5766863234521633,48.184065080852434,1.2659366916139168,16.97278906249408,14.911342344970665,134.20208110473595,602.2315836586439,106.35294347268025,218.86972436680202,492.65913305173393,78.6877261480877,56.435111702192486,1094.8907167103778,185.04066962076797,275.3048360689946,1555.2362224001404
Algeria,30767.4,634.5590207541915,88.77478580796868,9.569505932031948,700.6001182035875,50.559277610878894,59.6596265501609,0.7052851498473978,6.395072740464418,0.5948684410407787,6.080052961421194,4.322757204053641,27.660800611996674,634.5590207541915,93.80282816186973,43.625379284493036,700.6001182035875,51.15414605191967,65.7396795115821,1335.1591389577789,144.9569742137894,109.36505879607513,1589.4811719676434
Angola,14609.8,798.3544881648705,13.612755716098459,2.387998998481127,108.41972227414324,14.588961160295314,13.138564574107637,0.05822494161920596,0.9037972892036091,0.14001047596001978,1.2057361751129023,0.5475776533559665,4.928198880203699,798.3544881648705,14.21855831107363,8.219995167888435,108.41972227414324,14.728971636255334,14.344300749220539,906.7742104390137,28.947529947328967,22.564295917108975,958.2860363034516
Antigua and Barbuda,77.4,391.2078359882946,0.9517381369414658,0,827.9516946250168,87.80036476099782,74.82736510283539,0.48869692741466875,9.154387474707763,13.058587153773912,123.69493448089753,3.8759689922480622,34.883720930232556,391.2078359882946,5.316404056604196,44.03810840494032,827.9516946250168,100.85895191477174,198.52229958373292,1219.1595306133115,106.17535597137594,242.5604079886732,1567.8952945733606
Argentina,37060.0,1288.3483212448632,87.91189348337765,45.39641303772105,35.028240202300054,3.940310417582679,3.001869556997521,3.126122890554214,33.876497227546515,1.6581949555835083,17.71459287903254,13.248785752833244,73.50227300014357,1288.3483212448632,104.28680212676511,152.77518326541113,35.028240202300054,5.598505373166186,20.716462436030064,1323.3765614471633,109.8853074999313,173.4916457014412,1606.7535146485359
Armenia,3089.5,516.2885547789076,105.64765499834924,26.67534363596285,450.22499983210196,40.719648883549105,40.97846033813958,1.6295121293739145,19.433803708072464,1.127785793620836,17.78259800393898,27.28596860333387,190.9684082340299,516.2885547789076,134.56313573105703,237.07755557806522,450.22499983210196,41.847434677169936,58.761058342078556,966.5135546110096,176.41057040822693,295.83861392014376,1438.7627389393801
Australia,19320.0,1716.919803694228,172.04139895774583,80.88926395542697,136.33697861979735,12.031545784319382,10.103242656395208,4.591613772541966,10.375992442147236,9.442950799875621,104.19279825104098,18.21946169772257,39.46510242660392,1716.919803694228,194.85247442801037,130.73035882417813,136.33697861979735,21.474496584195006,114.2960409074362,1853.2567823140255,216.32697101220535,245.0263997316143,2314.610153057845
Austria,8057.299999999999,396.2693384293534,1.9816818281602688,52.422395555378266,738.1265465912641,64.18783743325456,81.01964189718204,5.059047659475857,8.020211498549147,18.29268307281519,190.47491795540594,9.184218038300672,32.4833183990205,396.2693384293534,16.2249475259368,92.92592545294792,738.1265465912641,82.48052050606974,271.494559852588,1134.3958850206175,98.70546803200654,364.42048530553586,1597.52183835816
Azerbaijan,8155.3,509.9603465995271,160.15566821944276,17.54347936544866,310.641377179047,25.14451320766367,9.092708170316518,10.102500979359775,132.12471137621333,0.8509271559313817,14.234845791030482,6.388483562836439,48.629408233995825,509.9603465995271,176.64665276163896,198.2975989756578,310.641377179047,25.99544036359505,23.327553961346997,820.6017237785742,202.64209312523403,221.6251529370048,1244.868969840813
Bahamas,306.3,200.7717391526598,0,0,1348.8874706876604,140.10066104741762,136.65918822800475,0,0,27.32036987743272,279.1716212455494,0,0,200.7717391526598,0,0,1348.8874706876604,167.42103092485036,415.83080947355415,1549.6592098403203,167.42103092485036,415.83080947355415,2132.911050238725
Bangladesh,141966.7,477.9217074382401,54.35889621510056,72.92821383588559,98.07717816817689,22.38291067277338,11.182361849390377,0.08164585617360036,1.4141195229700425,0.1312486556552173,1.8401918836545885,2.828832395202537,25.459491556822833,477.9217074382401,57.2693744664767,99.80182491567845,98.07717816817689,22.514159328428597,13.022553733044965,575.9988856064169,79.7835337949053,112.82437864872342,768.6067980500457
Barbados,253.0,552.9806883494274,1.4472971160478227,24.916473871969785,941.2628260733527,108.3173665962794,120.54629279207198,6.559189511726143,123.84637161248675,9.025069782476583,82.38544646699877,11.857707509881422,106.71936758893281,552.9806883494274,19.86419413765539,255.48221307338932,941.2628260733527,117.34243637875598,202.93173925907075,1494.24351442278,137.20663051641137,458.4139523324601,2089.8640972716516
Belarus,10030.1,1091.1624835812345,7.532041497499874,199.2766272270861,215.75851904340703,37.4180754007387,10.766163866677926,5.288316767967298,4.606082341325059,6.809251145583371,113.0516062419411,6.4804937139210965,19.488848684998334,1091.1624835812345,19.300851979388266,223.37155825340946,215.75851904340703,44.22732654632207,123.81777010861904,1306.9210026246415,63.52817852571033,347.18932836202856,1717.6385095123803
Belgium,10401.0,34.53207641531191,0.1108892036333889,9.964742949331741,1181.1749943653697,92.63623101099111,97.32349356208371,14.43592348056673,112.05836788224079,27.886042936307387,283.3555883176056,7.143543890010577,26.922115135753153,34.53207641531191,21.690356574210696,148.94522596732568,1181.1749943653697,120.5222739472985,380.67908187968936,1215.7070707806818,142.2126305215092,529.624307847015,1887.544009149206
Belize,254.6,1154.7382259426063,16.253076493351927,246.62568643730484,120.92155075822586,34.23087199173457,25.746393112208104,19.064955223768138,306.5130376564534,4.279365825728565,45.30074497813155,3.9277297721916735,32.758247461168544,1154.7382259426063,39.24576148931174,585.8969715549268,120.92155075822586,38.51023781746313,71.04713809033964,1275.659776700832,77.75599930677487,656.9441096452664,2010.3598856528733
Benin,6820.0,1020.1679484388864,1.0430608575359919,5.1811281168621015,67.28327362108458,20.014469025985676,8.61307870617202,0.20827926586874024,3.931902574359796,0.2756021720608787,3.321848433368284,0.6011730205278593,5.410557184750734,1020.1679484388864,1.8525131439325915,14.523587875972632,67.28327362108458,20.29007119804655,11.934927139540303,1087.4512220599709,22.14258434197914,26.458515015512933,1136.0523214174627
Bermuda,63.0,6.805632528874688,1.9522686217678695,4.81281430601165,1706.9061970537177,150.099907708291,128.49682336326995,0,0,80.05961912676291,916.2065401095,0,0,6.805632528874688,1.9522686217678695,4.81281430601165,1706.9061970537177,230.15952683505392,1044.70336347277,1713.7118295825924,232.11179545682177,1049.5161777787816,2995.3398028181955
Bolivia,8408.8,3063.9307498603057,44.815770874795525,7.892255635721821,295.944823853016,14.794693451115617,11.575350265951037,0.45615125734525974,5.831155955757133,0.4733756096422206,4.598182620351449,2.1406145942346115,15.44624583699237,3063.9307498603057,47.41253672637539,29.16965742847132,295.944823853016,15.268069060757837,16.173532886302485,3359.875573713322,62.68060578713324,45.343190314773814,3467.899369815229
Bosnia and Herzegovina,3631.7,659.0134198447428,4.667443129176692,33.20653554592557,408.2490819142272,24.305131971073887,62.967246710328645,0,0,4.461438895883783,59.278817409394996,0,0,659.0134198447428,4.667443129176692,33.20653554592557,408.2490819142272,28.76657086695767,122.24606411972364,1067.2625017589698,33.43401399613436,155.45259966564922,1256.1491154207533
Botswana,1725.8,1201.9894335678741,8.54301764867512,0,561.7293938357117,179.39884511936856,34.332702721934766,0.7406456769371182,13.720141184969856,0.4176423117267446,4.560322881567763,4.57758720593348,41.19828485340132,1201.9894335678741,13.861250531545718,54.91842603837117,561.7293938357117,179.81648743109528,38.89302560350253,1763.718827403586,193.67773796264098,93.8114516418737,2051.208017008101
Brazil,175307.6,1644.79566407713,48.47339102072562,55.3594735454939,159.60967370971673,11.83601803930123,6.129217833390255,2.3961623157525866,33.533458722674595,0.8388137393332439,8.681973513735805,6.856519626074397,48.632589202540444,1644.79566407713,57.7260729625526,137.52552147070892,159.60967370971673,12.674831778634474,14.81119134712606,1804.4053377868465,70.40090474118708,152.33671281783498,2027.1429553458686
Brunei Darussalam,336.80000000000007,25.523496515599902,0.02886957376056016,0.033575099399900284,2796.4131736560807,327.2837272637759,169.150577277823,0,0,6.837040080659139,95.3378761672242,0,0,25.523496515599902,0.02886957376056016,0.033575099399900284,2796.4131736560807,334.120767344435,264.4884534450472,2821.9366701716804,334.1496369181956,264.52202854444704,3420.608335634323
Bulgaria,7988.3,1478.9411795528692,7.523503776270649,124.66037561099758,330.2718834258704,45.226594031523334,19.67918938889478,13.718471967892427,139.61741252131705,2.329660717539288,32.54375964066734,13.84055431067937,88.45182354409891,1478.9411795528692,35.082530054842444,352.7296116764135,330.2718834258704,47.556254749062624,52.222949029562116,1809.2130629787396,82.63878480390507,404.95256070597566,2296.8044084886205
Burkina Faso,11950.2,1600.082440454781,15.769350339809534,20.171460979076066,37.40401170430199,14.416708284674714,3.99216470392431,0.02447527236708393,0.4633205689080718,0.14816874255354787,1.7412482310487982,0.8702783217017288,7.832504895315559,1600.082440454781,16.664103933878348,28.467286443299695,37.40401170430199,14.564877027228263,5.733412934973108,1637.486452159083,31.228980961106608,34.2006993782728,1702.9161324984623
Burundi,6651.7,677.3489472445658,14.106183493086137,0.8375026015640065,13.154126306883645,1.2412808473470154,1.2864393080523253,0.12456242276505472,2.3636755063836996,0.05396034717456589,0.6964523439976631,0.7366537877535067,6.62988408978156,677.3489472445658,14.9673997036047,9.831062197729265,13.154126306883645,1.2952411945215812,1.9828916520499884,690.5030735514495,16.26264089812628,11.813953849779255,718.579668299355
Cambodia,12834.1,955.7364474452767,53.615008879742255,2.098207459126657,47.729652593566506,8.04952427377752,4.190403850984517,0.03074940929059712,0.2397725845649014,0.20242302147902633,1.3613533507677111,0.4675045386898964,4.207540848209067,955.7364474452767,54.11326282772275,6.545520891900626,47.729652593566506,8.251947295256544,5.551757201752229,1003.4661000388431,62.36521012297929,12.097278093652855,1077.9285882554752
Cameroon,16080.9,1144.7744429895274,9.209208358112939,8.545103163567838,37.54282275083631,20.99500986920343,6.837289490360628,0.17984974175132898,3.313605280868116,0.2044166418028753,2.213299126563935,1.1193403354289873,10.074063018860885,1144.7744429895274,10.508398435293255,21.932771463296838,37.54282275083631,21.1994265110063,9.050588616924564,1182.3172657403638,31.70782494629956,30.983360080221402,1245.0084507668848
Canada,30889.0,1345.0913789819822,24.918029680127265,172.4399517067515,254.9375062089859,60.490271282397515,30.828309178826103,25.713303220278302,140.76521194064426,13.33640755766151,122.81767111725411,29.10421185535304,112.88811121704202,1345.0913789819822,79.73554475575861,426.0932748644377,254.9375062089859,73.82667884005903,153.6459802960802,1600.028885190968,153.56222359581764,579.739255160518,2333.3303639473033
Cape Verde,442.6,599.2698034022292,22.4699092252247,0,495.1199258194468,63.82466112335722,46.56126403767632,0.04295290838608074,0.8152633493821958,1.1756601749683628,11.197417049808431,0.3615002259376412,3.253502033438771,599.2698034022292,22.87436235954842,4.068765382820967,495.1199258194468,65.00032129832557,57.758681087484746,1094.389729221676,87.874683657874,61.827446470305716,1244.0918593498554
Central African Republic,3772.3000000000006,1147.8223098265191,18.760484381515692,0.03891000116289276,14.443938538828506,2.894228130026261,3.049575271015619,0.027742579028825685,0.5355433706426377,0.025707148194936073,0.24428280349830322,0.5301805264692627,4.771624738223364,1147.8223098265191,19.31840748701378,5.346078110028896,14.443938538828506,2.919935278221197,3.2938580745139223,1162.2662483653476,22.238342765234975,8.639936184542817,1193.1445273151255
Chad,8614.3,1424.9763113251192,19.879403364580202,0.001189112650819694,7.6828633725807745,2.556088895886895,1.3819805762959463,0,0,0.05372484432468049,0.491195995337943,0.46434417190021243,4.179097547101912,1424.9763113251192,20.343747536480414,4.180286659752731,7.6828633725807745,2.6098137402115755,1.8731765716338893,1432.6591746977,22.95356127669199,6.053463231386622,1461.6661992057786
Chile,15492.1,451.456278224831,135.6030078326122,122.32155004232558,327.29752080691526,17.953961244235494,16.89974477835101,6.016004593968768,20.11015993554622,2.0850509995917488,21.641811882476294,9.165962006441992,24.073969047922695,451.456278224831,150.78497443302297,166.5056790257945,327.29752080691526,20.03901224382724,38.541556660827304,778.7537990317463,170.8239866768502,205.04723568662178,1154.6250213952185
China,1277208.3,614.3303119511764,98.45025387768437,170.04458233318348,86.18603118914137,10.88786116516342,5.261023299031733,2.5200957393336294,31.72798740118453,0.30710740587140356,4.172622576029776,5.28731296218479,41.91369515096661,614.3303119511764,106.25766257920277,243.68626488533465,86.18603118914137,11.194968571034824,9.43364587506151,700.5163431403178,117.45263115023761,253.11991076039612,1071.0888850509514
Colombia,40093.6,894.4871777378038,34.116738618377944,30.507419907065167,226.9919185460957,17.847502516973865,19.91715360792961,0.3907930040495907,7.26674203800487,0.825240002509662,8.07151488913075,13.443542111459184,120.99187900313267,894.4871777378038,47.951073733886716,158.76604094820271,226.9919185460957,18.672742519483528,27.98866849706036,1121.4790962838995,66.62381625337025,186.75470944526305,1374.8576219825327
Comoros,710.2,1107.3818058488507,2.223682042333475,0,102.11782240823686,84.61456203196627,18.207343192315676,0.032002433598370975,0.6080017786197878,0.31298044274994374,2.9317700453696265,0.6758659532526048,6.082793579273444,1107.3818058488507,2.9315504291844507,6.690795357893233,102.11782240823686,84.92754247471622,21.1391132376853,1209.4996282570876,87.85909290390066,27.829908595578534,1325.1886297565668
"Congo, Dem Republic",52052.6,529.8006216697416,1.701394055460988,0.2984612380023122,10.190246248984325,3.350356107301155,2.561354775902032,0.020695406750064718,0.37646609436230005,0.011048361060641177,0.12102376188288498,0.36501538828031654,3.2851384945228483,529.8006216697416,2.0871048504913694,3.9600658268874604,10.190246248984325,3.3614044683617963,2.6823785377849174,539.9908679187259,5.448509318853166,6.642444364672379,552.0818216022516
"Congo, Republic",3096.2000000000003,506.641296671343,6.465129865240724,1.0017539960937856,191.27432830886437,47.72661160841264,21.432966574309408,0.024389699392121374,0.2627986348594772,0.1402915084927122,0.8746579874914987,1.0335249660874621,9.301724694787158,506.641296671343,7.523044530720307,10.56627732574042,191.27432830886437,47.866903116905355,22.307624561800903,697.9156249802073,55.389947647625654,32.87390188754132,786.1794745153743
Costa Rica,3962.9,687.6895229311624,37.43252017356001,43.112713611821775,348.4756695217309,47.12276773168758,42.58509910876368,3.1358218619762472,57.04478040273288,2.6858915800418726,24.27640598389384,19.93489616190164,176.85803640214198,687.6895229311624,60.503238197437895,277.0155304166966,348.4756695217309,49.80865931172946,66.86150509265752,1036.1651924528933,110.31189750916734,343.87703550935413,1490.3541254714146
CÃ´te d'Ivoire,17422.3,1158.5350068291825,6.670779643333097,14.976004478295152,45.46900752246512,36.26243107679296,12.134117347036769,0.25646410451379725,4.796816336825271,0.31338843316332393,3.455624843524042,1.2627494647664204,11.36474518289778,1158.5350068291825,8.189993212613315,31.137565998018207,45.46900752246512,36.57581950995628,15.589742190560811,1204.0040143516478,44.7658127225696,46.727308188579016,1295.4971352627963
Croatia,4520.8,892.6929155328063,0.5650257056344345,136.04310678878113,462.2862257546419,28.560006656628342,49.67128456127864,0.5441867995469105,6.940344660623096,8.060952178634588,102.39065367828277,0,0,892.6929155328063,1.109212505181345,142.9834514494042,462.2862257546419,36.62095883526293,152.0619382395614,1354.9791412874483,37.73017134044428,295.0453896889656,1687.7547023168581
Cuba,11090.9,1189.6238157394725,74.88332057863708,41.37523488561483,175.24933994783768,11.718276581780785,26.708350313220087,4.194752323305943,48.6079326802599,0.8479798872578269,10.304536155935095,14.065585299660086,89.57125984349938,1189.6238157394725,93.14365820160312,179.5544274093741,175.24933994783768,12.566256469038612,37.012886469155184,1364.8731556873101,105.70991467064172,216.5673138785293,1687.1503842364812
Cyprus,790.9000000000001,364.39305416032227,220.60439867804226,27.607019524105045,1317.875792161942,106.71937394230994,96.71395231741063,0.18937000450169206,2.423505289645658,13.30195917201408,166.06508426060466,8.534580857251234,60.97018668272065,364.39305416032227,229.32834953979517,91.00071149647135,1317.875792161942,120.02133311432404,262.7790365780153,1682.2688463222644,349.3496826541192,353.77974807448663,2385.39827705087
Czech Republic,10228.3,818.5666042757236,1.000779215895611,149.17125803069322,418.1544701895289,56.19373591844716,40.80180047291836,3.9270050094172095,14.966154837731809,8.33871426249007,90.13091910001661,10.265635540607924,39.09127477351692,818.5666042757236,15.193419765920744,203.22868764194197,418.1544701895289,64.53245018093723,130.93271957293496,1236.7210744652525,79.72586994685798,334.16140721487693,1650.6083516269873
Denmark,5339.5,512.6874447908384,3.675186661629124,75.25302385754439,709.3841885189402,66.40821914759687,58.92054860518255,1.94116489287289,4.56013754645387,15.76701546192711,160.96691771914936,7.678621593782189,17.323399150661913,512.6874447908384,13.294973148284203,97.13656055466018,709.3841885189402,82.17523460952397,219.88746632433188,1222.0716333097787,95.47020775780818,317.02402687899206,1634.565867946579
Dominica,68.1,2169.825860919183,0,23.865903210457024,361.83027386953603,80.05616309838514,45.60298626747488,0,0,3.470904140471395,31.816018304692626,0,0,2169.825860919183,0,23.865903210457024,361.83027386953603,83.52706723885653,77.41900457216751,2531.656134788719,83.52706723885653,101.28490778262453,2716.4681098102
Dominican Republic,8900.7,740.3715175344544,92.81598980865964,0,366.6214655082225,23.65318283900957,44.16985971297624,0.23794997644433016,3.972870013161791,1.514838460183644,13.77066528651572,12.246227824777828,101.89135624005156,740.3715175344544,105.30016760988178,105.86422625321335,366.6214655082225,25.168021299193214,57.94052499949196,1106.9929830426768,130.468188909075,163.80475125270533,1401.265923204457
East Timor   ,868.1000000000001,1747.9754524627908,42.96692806887742,0,48.09528824375791,10.612896261086368,13.58128848605696,0,0,0,0,0,0,1747.9754524627908,42.96692806887742,0,48.09528824375791,10.612896261086368,13.58128848605696,1796.0707407065488,53.57982432996379,13.58128848605696,1863.2318535225695
Ecuador,12367.900000000001,1388.6383083185262,116.443067956842,40.29382328731575,199.23003470208758,10.82289535289675,16.083038613008938,2.688937310494852,50.271415326007286,0.9508345922736868,9.941298180452458,17.14114764834774,154.27032883512967,1388.6383083185262,136.2731529156846,244.83556744845268,199.23003470208758,11.77372994517044,26.024336793461398,1587.8683430206138,148.04688286085505,270.8599042419141,2006.775130123383
Egypt,70957.60000000002,150.7601176296634,496.72131530628417,189.4932363348635,333.7516654291683,19.64656748982351,22.676345940449064,2.3681889676742967,44.61343893953934,0.45339222059572026,5.8431273216117825,7.469249241800736,67.22324317620662,150.7601176296634,506.55875351575924,301.3299184506095,333.7516654291683,20.09995971041923,28.519473262060846,484.5117830588317,526.6587132261784,329.84939171267035,1341.0198879976806
El Salvador,5944.500000000001,578.9087357326184,7.079130953991445,45.496203584503085,249.30046428310158,36.1223295272277,25.234669304733114,1.1733894542928565,21.433831738200897,1.2442789612466711,12.671695897710176,5.383127260492892,48.448145344436035,578.9087357326184,13.635647668777192,115.37818066714004,249.30046428310158,37.36660848847438,37.90636520244329,828.2092000157201,51.002256157251566,153.2845458695833,1032.496002042555
Eritrea,3786.8,533.0742172742414,1.86626137652788,0.4968569477180731,494.09070198227784,26.95800245805489,21.961340740850716,0.013045793280960507,0.24741028637481285,0.15150122059096688,1.8637066376205242,0.818633146720186,7.367698320481673,533.0742172742414,2.697940316529027,8.111965554574558,494.09070198227784,27.109503678645858,23.82504737847124,1027.1649192565192,29.807443995174882,31.937012933045803,1088.9093761847398
Estonia,1372.7,712.5336363937956,0.21903685183149496,77.84646403779495,601.9148629344471,139.0092292478936,34.98532294126683,1.2056194231258683,4.274434248555591,9.466976214461756,103.4437447689274,6.556421650761274,28.244388147952392,712.5336363937956,7.981077925718637,110.36528643430292,601.9148629344471,148.47620546235535,138.42906771019423,1314.4484993282429,156.457283388074,248.7943541444972,1719.7001368608142
Ethiopia,66511.70000000001,1107.703452646234,22.738284809438188,5.044841727132256,20.41415740563949,1.7563303350767165,3.145524542566695,0.015344282779281588,0.2892918018288331,0.07626205060690303,1.0075662283355342,0.5006637929867979,4.50597413688118,1107.703452646234,23.25429288520427,9.84010766584227,20.41415740563949,1.8325923856836195,4.15309077090223,1128.1176100518733,25.086885270887887,13.993198436744498,1167.1976937595057
Fiji Islands,803.6000000000001,1195.0167671242955,1.0334358996586603,29.563090225159076,415.5692597276015,57.05422922521528,17.953073277941673,0.5429290867148348,10.218364698254979,2.0561594525026816,25.80630706399491,1.2444001991040317,11.199601791936288,1195.0167671242955,2.820765185477527,50.98105671535034,415.5692597276015,59.110388677717964,43.75938034193658,1610.5860268518968,61.93115386319549,94.74043705728693,1767.2576177723793
Finland,5181.9,650.9748438292592,1.198057578112519,17.525120690066437,406.23128214922184,47.932587794822894,40.308836102169266,10.2158726594481,32.285115597779885,13.561301542759658,157.42987202629067,6.561299909299678,29.626496961961916,650.9748438292592,17.975230146860298,79.43673324980824,406.23128214922184,61.49388933758256,197.73870812845993,1057.206125978481,79.46911948444286,277.1754413782682,1413.850686841192
France,59435.50000000001,735.3222077284498,23.134176782630117,63.152071186233876,618.1275093730068,77.00696105468585,34.959968881820444,14.744026698823987,55.86528557567921,9.750494135812605,105.66222160308419,10.56607583010154,37.37321578867735,735.3222077284498,48.44427931155564,156.39057255059043,618.1275093730068,86.75745519049846,140.62219048490462,1353.4497171014566,135.20173450205408,297.0127630354951,1785.6642146390056
French Polynesia,237.9,907.2795516110174,2.6050201872223706,6.194551374178297,630.5959755403486,135.72112299696985,82.65595187438038,0,0,11.151249626277341,100.18971774069904,0,0,907.2795516110174,2.6050201872223706,6.194551374178297,630.5959755403486,146.87237262324717,182.8456696150794,1537.875527151366,149.47739281046955,189.0402209892577,1876.3931409510933
Gabon,1245.3000000000002,1020.3762860430667,10.056675463585266,6.6523621199365035,271.10958859834676,54.63751725561525,30.19033965227828,0.12045950631422016,2.858099797482721,0.5866554179364429,6.053405511597171,4.81811611659841,43.36304504938568,1020.3762860430667,14.995251086497897,52.873506966804904,271.10958859834676,55.22417267355169,36.24374516387545,1291.4858746414134,70.2194237600496,89.11725213068036,1450.8225505321432
Gambia,1324.9,541.8575252842659,1.1756716892804826,5.422266909137789,246.35706261251443,52.18481854734423,29.44277914021981,0.10994994728411601,2.0423633837745943,0.2404606955879318,2.759579721355021,0.5283417616423881,4.755075854781492,541.8575252842659,1.8139633982069867,12.219706147693875,246.35706261251443,52.425279242932156,32.20235886157483,788.2145878967804,54.23924264113914,44.4220650092687,886.8758955471883
Georgia,4719.9,1219.7168777658546,76.15111454490935,42.561609096741506,587.4254471991079,34.219480667243346,29.37956746774296,5.591900614657182,102.48001566465888,1.1027406316511625,16.31804801977587,15.254560477976229,137.29104430178606,1219.7168777658546,96.99757563754275,282.3326690631865,587.4254471991079,35.32222129889451,45.69761548751883,1807.1423249649624,132.31979693643726,328.0302845507053,2267.492406452105
Germany,82138.8,311.38556846392186,1.021980972799038,85.89226541563202,741.9253770219404,56.89001670747694,62.28706188215397,9.855743836420361,10.407963005330089,10.291928854417547,109.36248489702501,7.073392842359518,19.868797673952834,311.38556846392186,17.95111765157892,116.16902609491495,741.9253770219404,67.1819455618945,171.649546779179,1053.3109454858622,85.1330632134734,287.8185728740939,1426.2625815734295
Ghana,19784.5,1091.369696766237,1.9054305836943335,4.790480995198756,57.66292626126654,20.648351338079287,9.66477358777686,0.2058148782821475,3.8107593967251936,0.3840678047021676,4.550472847029031,1.1877985291516084,10.690186762364476,1091.369696766237,3.299043991128089,19.291427154288424,57.66292626126654,21.032419142781453,14.215246434805891,1149.0326230275036,24.331463133909544,33.50667358909432,1206.8707597505074
Greece,10937.4,890.9149905629561,205.98935775670108,87.95701920434176,761.1217134691196,96.36097050848485,78.16327523544398,1.0022499551710173,2.731939088787825,11.00276384637591,139.86373766211452,11.611534734031853,51.36881115437526,890.9149905629561,218.60314244590393,142.05776944750482,761.1217134691196,107.36373435486077,218.02701289755848,1652.0367040320757,325.96687680076474,360.08478234506333,2338.088363177904
Grenada,101.5,1267.2112304650545,2.1910711829230856,0,636.8647183529625,90.07357789662353,113.70471589753154,0,0,4.411096333288723,39.58766194945743,0,0,1267.2112304650545,2.1910711829230856,0,636.8647183529625,94.48467422991226,153.29237784698896,1904.075948818017,96.67574541283534,153.29237784698896,2154.044072077841
Guatemala,11412.4,712.9532463720279,13.018763586025676,50.28572303321654,136.07008343840852,17.679505899776505,19.804001667801057,0.8844334643084899,10.05559930045294,1.1279371985176283,11.215129408580347,1.1391118432582106,8.44082205238958,712.9532463720279,15.042308893592377,68.78214438605906,136.07008343840852,18.807443098294133,31.019131076381402,849.0233298104364,33.84975199188651,99.80127546244046,982.6743572647633
Guinea,8463.300000000001,1492.1264497924947,5.077297032508864,2.5290569116271127,52.74157000603367,26.30793468734704,10.191210485515409,0.09091250120525642,1.3806217838419643,0.1176609814615972,1.251881287551664,1.417886639963135,12.360974995516834,1492.1264497924947,6.586096173677254,16.270653690985913,52.74157000603367,26.42559566880864,11.443091773067072,1544.8680197985284,33.011691842485895,27.713745464052984,1605.5934571050673
Guinea-Bissau,1325.7,1028.7756351484215,63.074606409351524,0,31.193819046068526,40.0447846654204,11.090393122555174,0.22484268954946618,4.133769540706287,0.12385888137845302,1.5753661553845144,1.734932488496643,15.61439239646979,1028.7756351484215,65.03438158739763,19.74816193717608,31.193819046068526,40.168643546798855,12.665759277939689,1059.96945419449,105.20302513419648,32.413921215115764,1197.5864005438023
Guyana,759.1,1046.4840560955276,96.58321504651511,114.92782668515005,165.19091732555273,22.09112557462748,39.60931158095759,0.4902076313391521,9.072060795780775,1.344479047150061,13.071982438439337,3.952048478461336,35.568436306152016,1046.4840560955276,101.0254711563156,159.56832378708285,165.19091732555273,23.435604621777543,52.68129401939692,1211.6749734210803,124.46107577809313,212.2496178064798,1548.3856670056532
Haiti,8719.4,780.8767494633064,25.764224803374876,0,141.0365936992544,49.76464615565696,23.888532823623414,0.04463001751274863,0.846610120044675,0.1819082903212521,1.675157028944996,0.5734339518774229,5.160905566896806,780.8767494633064,26.382288772765047,6.007515686941481,141.0365936992544,49.94655444597821,25.56368985256841,921.9133431625609,76.32884321874326,31.57120553950989,1029.813391920814
Honduras,6299.4,913.4640198236249,17.965433768770257,55.57666835670584,123.27229363696438,27.35578600215759,16.066942466888847,0.3421545463567131,5.826714173046517,0.651300191548185,5.823440677407126,1.1112169412959967,10.000952471663972,913.4640198236249,19.418805256422967,71.40433500141633,123.27229363696438,28.00708619370577,21.890383144295974,1036.7363134605894,47.42589145012874,93.2947181457123,1177.4569230564305
Hungary,10199.8,1547.1701750684178,7.229744366814705,199.96596817248428,369.1787959105362,34.63305768650081,24.49241625177035,10.265575703130066,66.16947584865967,6.578551992408596,73.87952911947075,6.960920802368674,37.34074512443751,1547.1701750684178,24.456240872313447,303.47618914558143,369.1787959105362,41.21160967890941,98.3719453712411,1916.348970978954,65.66785055122286,401.8481345168225,2383.8649560469994
Iceland,282.2,14.482436657273126,0,5.818085714195608,1468.8746415740673,82.27595046236426,88.12008196482219,13.96835291377955,114.34416578794766,19.981308398759975,207.41633026040768,17.717930545712264,75.7187251528313,14.482436657273126,31.68628345949182,195.88097665497457,1468.8746415740673,102.25725886112424,295.53641222522987,1483.3570782313404,133.94354232061605,491.41738888020444,2108.7180094321607
India,1051289.5,685.4857783425233,210.54789019320282,91.63305803719228,22.39727057564672,2.072832289029798,1.7935395176534688,1.200373152984714,22.686932374603177,0.09372991988583793,1.160291955842473,4.969135523564156,44.72221971207741,685.4857783425233,216.71739886975166,159.04221012387288,22.39727057564672,2.166562208915636,2.9538314734959417,707.88304891817,218.8839610786673,161.9960415973688,1088.763051594206
Indonesia,206706.2,854.814387093274,45.53831305456699,77.11988277783327,77.83642537780243,24.038969014311334,7.5141823996870905,0.08344635914485861,1.3544899959846743,0.2801859453583408,3.2588252586156914,3.202613177543779,28.478738077792233,854.814387093274,48.82437259125564,106.95311085161016,77.83642537780243,24.319154959669675,10.773007658302783,932.6508124710765,73.1435275509253,117.72611850991296,1123.5204585319148
Iran,67157.70000000001,749.3607379767046,558.335777370379,122.89879460829222,289.54244545039694,20.06477857073945,14.929290803961642,0.5528191938529119,9.582505058908104,0.6490971661653234,8.240870831715371,9.232001691540956,83.0880152238686,749.3607379767046,568.1205982557728,215.56931489106893,289.54244545039694,20.71387573690477,23.170161635677015,1038.9031834271016,588.8344739926777,238.73947652674593,1866.477133946525
Ireland,3868.6,278.8016076469723,0.0636749538697765,37.662171315118854,660.7922229254623,90.89651082221394,65.52380971810138,2.867078425436547,11.924227252309082,8.115180185248246,107.69958018732888,6.7207775422633524,30.346442225622805,278.8016076469723,9.651530921569675,79.93284079305074,660.7922229254623,99.01169100746219,173.22338990543025,939.5938305724345,108.66322192903186,253.15623069848098,1301.4132831999475
Israel,6134.0,207.38592391177926,134.22951855054666,54.33512822563598,1583.0784457866266,98.86040705964113,89.07317427541915,0.6499088141709807,1.314712674355624,9.266058267406088,97.00202611096523,10.270622758395826,17.231886440307324,207.38592391177926,145.1500501231135,72.88172734029892,1583.0784457866266,108.12646532704721,186.0752003863844,1790.4643696984058,253.2765154501607,258.9569277266833,2302.69781287525
Italy,57520.5,629.304668122924,43.93094823172603,94.16422027246414,1091.1588914096587,116.96041931170407,82.41994950563618,8.70448823220536,47.660785187276346,9.098916942034807,97.8497524761705,14.029780686885546,67.66035320349621,629.304668122924,66.66521715081694,209.4853586632367,1091.1588914096587,126.05933625373888,180.2697019818067,1720.4635595325826,192.72455340455582,389.7550606450434,2302.9431735821818
Jamaica,2578.4,838.5294128590243,17.328516213047077,16.213974144978124,585.7143487843759,63.78166473402174,75.72222609245928,0.9997411525845441,18.837400006917793,2.4600597204206194,22.304059030248123,5.429723859757989,48.86751473782191,838.5294128590243,23.75798122538961,83.91888888971782,585.7143487843759,66.24172445444236,98.0262851227074,1424.2437616434001,89.99970567983196,181.9451740124252,1696.1886413356574
Japan,126741.3,176.55829430559834,10.951183469182832,16.640172976536668,832.8004566160416,54.67867717241661,82.9515314284506,4.605429338058944,26.768375906950027,7.017683295848831,82.8500781349869,13.72875297949445,69.47338393387447,176.55829430559834,29.285365786736225,112.88193281736118,832.8004566160416,61.69636046826544,165.8016095634375,1009.35875092164,90.98172625500167,278.6835423807987,1379.0240195574402
Jordan,4956.1,112.49999369335198,75.80136832003244,10.078600236659643,1126.3084731197669,163.84648740902196,103.71745981253771,0.2838934365507109,2.3291354099836905,3.4621844893540445,42.44404071624437,5.8776053751942055,31.37045240952778,112.49999369335198,81.96286713177736,43.77818805617111,1126.3084731197669,167.308671898376,146.16150052878208,1238.808466813119,249.27153903015338,189.93968858495322,1678.0196944282256
Kazakhstan,15160.4,1710.5754488448786,344.2194599319842,16.533534115345798,81.10505192511205,16.430147877627387,13.03187354250888,7.378122576265468,124.11062035265613,1.4778488045692606,22.574590235275366,3.891717896625419,35.02546106962877,1710.5754488448786,355.4893004048751,175.6696155376307,81.10505192511205,17.907996682196647,35.60646377778424,1791.6805007699904,373.39729708707176,211.27607931541496,2376.353877172477
Kenya,31935.300000000003,875.1338254748553,9.252350117865463,8.54903667726659,155.84104698828324,23.322374340429775,8.680800533532315,0.13580314529897328,2.395116304850247,0.24969286542471236,3.1819244655976355,1.4717256452890688,13.116349750710167,875.1338254748553,10.859878908453505,24.060502732827004,155.84104698828324,23.572067205854488,11.862724999129952,1030.9748724631386,34.43194611430799,35.923227731956956,1101.3300463094035
Kiribati,85.0,2341.553609844838,0,0,314.7176711766016,148.21671989374929,47.96483132898961,0,0,0.5366279542934375,6.168858634359552,0,0,2341.553609844838,0,0,314.7176711766016,148.75334784804272,54.13368996334916,2656.2712810214393,148.75334784804272,54.13368996334916,2859.1583188328314
"Korea, Dem People's Rep",22867.100000000002,542.4846302162712,58.09175543294726,0,90.96010129475968,16.708965438689333,14.574316359043587,4.183240018822866,79.17814461477222,0.24713447707017291,3.6706830292890755,7.82783999720122,70.45055997481097,542.4846302162712,70.10283544897133,149.6287045895832,90.96010129475968,16.95609991575951,18.244999388332662,633.4447315110309,87.05893536473086,167.87370397791585,888.3773708536776
"Korea, Republic",46443.0,252.43742410290633,9.782909646560078,24.343474474953343,1032.7154034824666,79.68678557662163,91.86717805444063,1.8643633753136266,6.588863856319365,5.738678242264377,62.35261435943559,14.254031823956248,47.67254304960741,252.43742410290633,25.90130484582995,78.60488138088013,1032.7154034824666,85.42546381888602,154.21979241387623,1285.152827585373,111.32676866471596,232.82467379475634,1629.3042700448452
Kuwait,2251.5,6.613483789490912,22.918687040038822,6.401982543103964,1412.89195317894,246.01917381760526,138.2433494822262,0.23931643352316437,4.34148214748692,4.9369851439509835,51.90959871671644,17.788141239173886,160.09327115256497,6.613483789490912,40.94614471273588,170.83673584315585,1412.89195317894,250.95615896155627,190.15294819894265,1419.505436968431,291.9023036742921,360.98968404209853,2072.3974246848215
Kyrgyzstan,4961.6,495.42108519248166,240.82227227217115,14.375633432317816,593.4851217599272,26.921820592684018,16.835444272785285,2.431332508493547,32.2966417910392,0.9701239821223394,16.963405319660023,6.449532408900354,52.46304907728114,495.42108519248166,249.703137189565,99.13532430063816,593.4851217599272,27.891944574806356,33.79884959244531,1088.9062069524089,277.59508176437134,132.93417389308345,1499.4354626098636
Laos,5431.9,890.9519560334317,64.22224982583973,0.15456979308358446,27.320886608111994,3.947263488514657,2.4214756451211366,1.176241151556013,21.53887026205022,0.3337569892589715,5.447336198374658,2.3932693900845012,21.539424510760508,890.9519560334317,67.79176036748024,43.23286456589431,27.320886608111994,4.2810204777736285,7.868811843495796,918.2728426415437,72.07278084525386,51.10167640939011,1041.4472998961876
Latvia,2368.7,1036.6000445719092,0.19322008265362042,107.30663909970269,289.8758708659435,39.63308889968337,24.483514247689246,1.690917079431864,9.842655380765308,15.852276301625139,231.49734387803525,6.75475999493393,33.03055394466179,1036.6000445719092,8.638897157019414,150.1798484251298,289.8758708659435,55.48536520130851,255.9808581257245,1326.4759154378526,64.12426235832793,406.1607065508543,1796.7608843470348
Lebanon,3816.5,303.41667380681326,174.84743670331892,33.70966126000149,1244.9807534530983,142.66976974318615,76.71769217766334,1.8097429528357767,10.962305432638432,5.36849477319153,69.44887922529132,9.956766671033671,37.656019343700386,303.41667380681326,186.61394632718836,82.3279860363403,1244.9807534530983,148.0382645163777,146.16657140295465,1548.3974272599114,334.6522108435661,228.494557439295,2111.5441955427723
Lesotho,1890.3000000000002,1533.459537923456,2.8797474024211533,0.6988019775138132,40.22786914229343,32.81420881774096,11.03672461183119,0.2918355462257001,5.296389552187229,0.1590999621831751,2.098376531212003,1.0580331164365444,9.5222980479289,1533.459537923456,4.229616065083398,15.517489577629942,40.22786914229343,32.97330877992414,13.135101143043194,1573.6874070657495,37.20292484500753,28.652590720673132,1639.5429226314302
Liberia,2790.3,1064.715066989843,1.1929071681065948,0,64.7596019560925,30.536736944056944,22.633988979736547,0.29833589012060124,5.7682626125877805,2.696738829894316,31.203978576358594,1.0751532093323297,9.676378883990967,1064.715066989843,2.5663962675595258,15.444641496578749,64.7596019560925,33.233475773951255,53.837967556095144,1129.4746689459355,35.79987204151079,69.28260905267389,1234.5571500401202
Libya,5411.900000000001,301.19734380791715,271.670374273995,16.13241702081878,981.3312066449082,226.7126046440739,105.10794443219292,0.6258096074805924,11.377983883287712,1.009850567032397,10.468155692672607,11.271457344001183,101.44311609601064,301.19734380791715,283.5676412254768,128.95351700011713,981.3312066449082,227.7224552111063,115.57610012486552,1282.5285504528254,511.29009643658304,244.52961712498265,2038.3482640143911
Lithuania,3501.4,1048.4158082980848,0.3215971072873483,28.453668857538965,218.27805060510252,39.22134207599738,27.515627919013756,0.3926227007724072,1.805345508340759,8.515371739571158,108.36288754209994,5.997600959616153,28.68884433431745,1048.4158082980848,6.711820767675909,58.94785870019717,218.27805060510252,47.73671381556854,135.8785154611137,1266.6938589031874,54.448534583244445,194.82637416131087,1515.9687676477429
Luxembourg,450.5,508.9394742496489,0.010754051616121951,101.11043149595395,1432.2331207881805,68.04311463002085,87.28728177467117,1.559020359028003,1.72195128225349,28.297839475086477,272.1783301052431,5.5937846836847935,7.3264299994703155,508.9394742496489,7.163559094328918,110.15881277767775,1432.2331207881805,96.34095410510733,359.4656118799143,1941.1725950378293,103.50451319943625,469.62442465759204,2514.3015328948577
Macedonia,2010.5,602.1540222303084,35.51371430439051,42.41710704838149,382.691629907367,38.500463519914724,30.712150885072333,3.4014832649085216,46.787856647101194,4.500775255002596,57.26824446504066,10.693857249440438,93.20418647660588,602.1540222303084,49.609054818739466,182.40915017208857,382.691629907367,43.001238774917326,87.98039535011299,984.8456521376754,92.6102935936568,270.38954552220156,1347.8454912535337
Madagascar,15529.400000000001,1329.3784745843386,145.1143777035364,2.672656095479053,36.228931980305816,15.964353559914281,4.791235678024929,0.6192463486603138,11.705402902989794,0.206312521112774,2.386233358752021,2.7045475034450783,24.340927531005704,1329.3784745843386,148.43817155564182,38.71898652947455,36.228931980305816,16.170666081027058,7.17746903677695,1365.6074065646442,164.60883763666885,45.896455566251504,1576.1126997675644
Malawi,12005.8,804.132219191233,12.38865946854416,44.96630205146468,48.440828455885615,2.999509569157787,5.194222140419464,0.19661261421124587,3.7186010733895487,0.12078190454738198,1.6604888871411307,1.2493961252061505,11.244565126855356,804.132219191233,13.834668207961558,59.92946825170958,48.440828455885615,3.1202914737051692,6.854711027560596,852.5730476471186,16.954959681666725,66.78417927927018,936.3121866080555
Malaysia,23458.2,1240.588862711228,48.96730557042414,57.062272391570964,503.26157949654754,93.89900067295751,56.674393531618854,1.0042871497312176,13.228149157452169,2.4336901932464814,21.398394163376878,6.479610541303255,58.31649487172928,1240.588862711228,56.4512032614586,128.6069164207524,503.26157949654754,96.33269086620399,78.07278769499572,1743.8504422077758,152.7838941276626,206.67970411574817,2103.3140404511864
Maldives,273.5,221.84998721062613,4.218973979449622,8.70735835983338,813.4906138273551,160.82910816883975,89.02955434869045,0.009567441193048259,0,3.4106452840475256,51.60912849433978,1.0749542961608773,6.851801917723062,221.84998721062613,5.303495716803548,15.559160277556442,813.4906138273551,164.23975345288727,140.63868284303024,1035.3406010379813,169.54324916969082,156.19784312058667,1361.0816933282588
Mali,10701.0,1769.6190183796002,139.7992186358521,0.024446841717852972,54.79933551418543,10.918294630658266,5.669357227456012,0.2548268978774309,4.830560071822716,0.21430416716513748,2.546003324327919,5.513503410896178,49.6215306980656,1769.6190183796002,145.5675489446257,54.47653761160617,54.79933551418543,11.132598797823404,8.215360551783933,1824.4183538937857,156.7001477424491,62.6918981633901,2043.810399799625
Malta,391.0,74.13268983829896,9.833549539790384,7.011388957565109,1600.7150379214613,176.37134376160753,129.95297569343336,0.030878110414193867,0.5845734113797728,10.201501010681984,115.72215614221155,10.230179028132993,81.0084183122821,74.13268983829896,20.09460667833757,88.60438068122698,1600.7150379214613,186.57284477228953,245.6751318356449,1674.8477277597603,206.66745145062708,334.2795125168719,2215.7946917272593
Mauritania,2648.1,1261.9546089598216,78.10479166237464,0.012640449676822495,1036.8175404174142,84.57090623112389,30.43109355492153,0.6065262795687062,11.057735968370576,0.4093709486151886,4.453732118507355,5.664438654129376,50.979947887164386,1261.9546089598216,84.37575659607272,62.05032430521179,1036.8175404174142,84.98027717973908,34.884825673428885,2298.7721493772356,169.3560337758118,96.93514997864067,2565.063333131688
Mauritius,1199.6,371.89209329706534,8.364689118992413,3.3215949346903577,1238.8584164124213,215.26533630276398,103.8212395927991,0.55454300703315,6.891405525244342,3.9368997192092285,46.4613544177512,17.839279759919975,143.43548271786938,371.89209329706534,26.758511885945534,153.64848317780408,1238.8584164124213,219.20223602197322,150.2825940105503,1610.7505097094868,245.96074790791874,303.93107718835444,2160.6423348057597
Mexico,99810.4,840.0000596739369,86.70660735849604,88.13093786248345,661.1129915650776,84.91085192800286,59.61315095263425,1.3489575239383114,16.77142645303141,3.591365085133672,31.80945000422842,13.615815586351722,90.38919945228264,840.0000596739369,101.67138046878607,195.2915637677975,661.1129915650776,88.50221701313653,91.42260095686268,1501.1130512390143,190.1735974819226,286.7141647246602,1978.000813445597
Moldova,4051.3,983.2109488038532,90.00673876791323,29.55881855416541,55.67801188158661,13.220162709210253,4.6694402763842895,10.479702442248296,72.89031124843758,1.545805858948678,24.29113781210119,5.430355688297584,35.840186694966405,983.2109488038532,105.91679689845911,138.2893164975694,55.67801188158661,14.765968568158932,28.96057808848548,1038.8889606854398,120.68276546661805,167.24989458605486,1326.8216207381126
Mongolia,2409.3000000000006,1316.3227988481922,35.52619133654919,30.22759930411569,2207.8236228878854,53.56048113101221,52.71423903462256,1.4335089609344651,23.162744421383774,1.0656896802935563,15.431951765056938,3.7355248412401933,33.61972357116174,1316.3227988481922,40.69522513872385,87.01006729666122,2207.8236228878854,54.62617081130576,68.1461907996795,3524.1464217360776,95.32139595002961,155.1562580963407,3774.624075782448
Morocco,28961.900000000005,981.2971890925608,166.4143278245943,45.80342183570592,424.24062319455044,36.6754805062733,29.641309065688983,0.44169362879794594,1.5858770430757074,1.03012507461569,11.53988982442491,4.246958935705185,21.854282103087936,981.2971890925608,171.1029803890974,69.24358098186957,424.24062319455044,37.705605580888985,41.18119889011389,1405.5378122871111,208.8085859699864,110.42477987198346,1724.771178129081
Mozambique,18560.9,1022.597366073276,7.8569853328669925,6.246015734305517,61.83065612256835,9.257019900754223,6.594706174747209,0.016231727876606754,0.26355584224437656,0.06322879261770024,0.6536723952113616,0.3771368845260737,3.3942319607346634,1022.597366073276,8.250353945269673,9.903803537284556,61.83065612256835,9.320248693371923,7.248378569958571,1084.4280221958443,17.570602638641596,17.152182107243128,1119.150806941729
Myanmar,46626.5,1124.8498492073766,41.212400438724146,17.49201002153815,17.970578630555657,1.1255886985870314,1.2400524945714444,0.13140722856504827,2.2993054066180374,0.13163822857519034,1.7773316925194251,0.8793282789829818,7.913954510846836,1124.8498492073766,42.22313594627218,27.705269939003024,17.970578630555657,1.2572269271622218,3.0173841870908693,1142.8204278379324,43.480362873434395,30.722654126093897,1217.0234448374606
Namibia,1839.1,1169.362326463443,18.673384560437334,11.814414985219258,339.59231601314065,67.90067794387318,23.995478688471415,0.3047646342330848,5.5553819583631,0.4740061316569388,4.861470481513504,3.9693328258387255,35.72399543254853,1169.362326463443,22.947482020509145,53.09379237613088,339.59231601314065,68.37468407553011,28.85694916998492,1508.9546424765836,91.32216609603927,81.95074154611581,1682.2275501187387
Nepal,24707.0,944.6117125457233,113.78723866012598,8.340504823667645,94.90899572290122,9.762959820080804,12.260180225798122,0.0941694843570543,1.613012124687098,0.18700167545294813,2.9102534390113304,1.2142307847978306,10.928077063180474,944.6117125457233,115.09563892928088,20.881594011535217,94.90899572290122,9.949961495533751,15.170433664809453,1039.5207082686245,125.04560042481462,36.05202767634467,1200.618336369784
Netherlands,15946.9,43.59299543129853,2.7576837271220818,15.143287574444674,1012.2668688173886,99.47403213944857,85.26800651944168,6.876332512626652,1.2031297228337716,16.692698317889853,172.78076031701798,3.0726975148775,6.545116811756733,43.59299543129853,12.706713754626234,22.891534109035177,1012.2668688173886,116.16673045733842,258.04876683645966,1055.8598642486872,128.87344421196465,280.94030094549487,1465.6736094061466
New Caledonia,216.8,550.5511051954899,0.2167826252122469,35.80345984512646,1100.4118514028198,118.08672299579898,79.49473927400342,0,0,10.079531705900083,100.1019330325465,0,0,550.5511051954899,0.2167826252122469,35.80345984512646,1100.4118514028198,128.16625470169907,179.59667230654992,1650.9629565983096,128.3830373269113,215.4001321516764,1994.7461260768973
New Zealand,3905.5,477.34779710513476,62.075878042993786,23.017326320462256,719.9935226403001,49.07174233099811,35.28416261954687,2.146204466059521,8.101051615674365,9.307621067898724,102.54993321340595,26.117014466777626,73.75209494582195,477.34779710513476,90.33909697583093,104.87047288195858,719.9935226403001,58.379363398896835,137.8340958329528,1197.341319745435,148.71846037472778,242.7045687149114,1588.764348835074
Nicaragua,5125.0,682.5707940882554,26.227114308270448,16.03060864720863,104.64978027133044,19.413623325641158,12.247663850510655,0.23993478068933458,4.3597230104400015,0.7754371398811222,8.56139237462315,3.7073170731707323,33.36585365853659,682.5707940882554,30.17436616213051,53.756185316185224,104.64978027133044,20.18906046552228,20.809056225133805,787.2205743595858,50.363426627652785,74.56524154131904,912.1492425285576
Niger,11272.1,3351.942371894909,63.7129135738543,4.947405770234072,59.102731884589765,22.55639778846806,7.389333189948825,0.026014299061029856,0.4410725639009562,0.05057906047600437,0.5464651230997685,0.7984315256252162,7.185883730626946,3351.942371894909,64.53735939854054,12.574362064761978,59.102731884589765,22.606976848944065,7.935798313048593,3411.0451037794983,87.14433624748462,20.510160377810568,3518.6996004047937
Nigeria,126648.8,1147.3122286661192,10.858828546484096,5.519911049406737,43.87824337746448,11.519996971747032,7.433886322616022,0.10302086907481124,1.5598612960282592,0.07131207009052204,0.6986821565327385,1.334398746770597,12.009588720935373,1147.3122286661192,12.296248162329505,19.089361066370365,43.87824337746448,11.591309041837555,8.13256847914876,1191.1904720435837,23.88755720416706,27.221929545519128,1242.2999587932698
Norway,4501.6,344.7409027092679,1.9645926692650826,12.054803464016494,678.7874864974088,87.67356515036708,55.76577341932072,8.515942051722622,33.52475833688995,13.226287518231246,134.72221406494356,11.107161897991823,40.747374493531574,344.7409027092679,21.58769661897953,86.32693629443801,678.7874864974088,100.89985266859833,190.48798748426427,1023.5283892066767,122.48754928757788,276.8149237787023,1422.830862272957
Occ. Palestinian Terr.,3221.2000000000003,788.8193711773624,114.02304292058845,0,30.132994376844476,6.597513668006111,39.67270400324961,1.0578058398709063,20.09696799235617,0.06099208581879934,0.8073255072648406,5.336520551347324,48.02868496212593,788.8193711773624,120.41736931180668,68.1256529544821,30.132994376844476,6.658505753824911,40.480029510514456,818.952365554207,127.0758750656316,108.60568246499658,1054.6339230848353
Pakistan,149801.8,535.5203667372499,403.5962056160155,136.71871795256098,191.71108919007776,15.038147876549077,8.14533412792763,0.8468216064331676,15.907771453425088,0.1433341179901371,1.8293538225398696,2.182884317811936,19.64595886030742,535.5203667372499,406.6259115402606,172.2724482662935,191.71108919007776,15.181481994539215,9.9746879504675,727.2314559273277,421.8073935347998,182.24713621676096,1331.2859856788884
Panama,2979.1,747.2140319991579,18.249937576036597,53.29976617289945,311.5087811732942,32.05572348360531,44.11371141252208,0.4616941538183657,3.657951038115816,2.5449199836204155,26.597984431437045,18.461951596119636,105.52659048633289,747.2140319991579,37.173583325974604,162.48430769734816,311.5087811732942,34.60064346722572,70.71169584395912,1058.722813172452,71.77422679320033,233.19600354130728,1363.6930435069598
Paraguay,5406.5,1789.0734469300198,39.66543586278564,45.92404562695481,26.101033572996013,11.002667516525394,4.362087350333035,0.33872073759628724,5.436324409218332,1.1947537885806703,13.895728027440555,1.8496254508462038,15.282406939340367,1789.0734469300198,41.85378205122814,66.64277697551351,26.101033572996013,12.197421305106065,18.25781537777359,1815.1744805030157,54.0512033563342,84.9005923532871,1954.1262762126369
Peru,26157.7,502.4068796688345,126.13689079390845,55.754757541042,307.7631377217071,15.444356630361247,21.708023235565022,2.846372602415052,13.8553752032139,0.6809105723896423,7.460342076586572,6.422583025265983,27.544564233292114,502.4068796688345,135.4058464215895,97.154696977548,307.7631377217071,16.12526720275089,29.168365312151593,810.1700173905416,151.53111362434038,126.3230622896996,1088.0241933045816
Philippines,78472.9,994.3848299748066,42.77049095584729,47.44244491668557,132.95965976470305,25.743881341227464,21.719809394870303,1.6931503549440352,30.657944557717926,0.44177486746894534,5.339402789571989,7.452254217698084,67.07028795928277,994.3848299748066,51.915895528489415,145.17067743368628,132.95965976470305,26.185656208696408,27.05921218444229,1127.3444897395098,78.10155173718582,172.22988961812857,1377.6759310948241
Poland,38408.0,777.9751096022122,1.7008324275083855,151.78924942733522,232.6292196714327,36.22954137354288,23.603772195563536,11.416668434268605,80.20885039018086,3.99472851857418,50.017434440968614,5.467610914392836,30.40305449593249,777.9751096022122,18.58511177616982,262.40115431344856,232.6292196714327,40.224269892117064,73.62120663653215,1010.6043292736449,58.80938166828688,336.02236094998074,1405.4360718919127
Portugal,10278.4,696.3091015130167,147.22822872717708,61.04485453613064,1157.8919141985482,196.90423243150252,95.57083301704458,4.15710631680619,25.728155355279245,4.404798528706913,46.36349341338533,10.507471980074722,59.36501672636782,696.3091015130167,161.892807024058,146.13802661777774,1157.8919141985482,201.30903096020944,141.9343264304299,1854.2010157115649,363.2018379842674,288.0723530482076,2505.47520674404
Romania,22089.300000000003,1183.2412976446067,23.987884129349474,58.6313328942942,161.5204887201628,34.867694954602044,17.517796278751156,7.727619590620236,99.83154659059632,2.4781771806684136,32.81413829382034,7.650763039118487,58.528558570782316,1183.2412976446067,39.3662667590882,216.99143805567286,161.5204887201628,37.345872135270454,50.3319345725715,1344.7617863647695,76.71213889435866,267.3233726282444,1688.7972978873727
Russian Federation,146082.30000000002,1374.758125522593,43.127452861034484,49.6823408281903,174.12897419694272,38.675594280228886,10.462546460360704,3.5617435244315057,59.43628224882423,0.41932672997121617,5.649147996502841,9.172911434171011,82.5562029075391,1374.758125522593,55.862107819637004,191.67482598455362,174.12897419694272,39.0949210102001,16.111694456863546,1548.8870997195356,94.9570288298371,207.7865204414172,1851.63064899079
Rwanda,7735.9,775.1810122301608,2.4526979234182087,0.5188455746475633,24.446248941798316,5.340440325609629,6.105723631363016,0.06874982734322159,1.2884502681093175,0.06460888214579197,0.866087205602022,0.4653627890743159,4.188265101668843,775.1810122301608,2.986810539835746,5.995560944425723,24.446248941798316,5.405049207755421,6.971810836965038,799.627261171959,8.391859747591168,12.967371781390762,820.986492700941
Saint Kitts and Nevis,46.4,593.3912221552282,0.1633231371258286,1.1757235355302278,706.7173980827243,116.65959909648342,86.37954632549635,0,0,11.239957271368239,115.89507957014743,0,0,593.3912221552282,0.1633231371258286,1.1757235355302278,706.7173980827243,127.89955636785166,202.2746258956438,1300.1086202379527,128.0628795049775,203.450349431174,1631.6218491741042
Saint Lucia,157.5,56.385403923417876,0.0923674134885315,0,1145.2345137546167,110.67940957865028,122.84066147701556,0,0,4.449365514328492,40.0827630546385,7.936507936507938,71.42857142857143,56.385403923417876,8.02887534999647,71.42857142857143,1145.2345137546167,115.12877509297877,162.92342453165406,1201.6199176780347,123.15765044297524,234.35199596022548,1559.1295640812352
Saint Vincent/Grenadines,108.2,878.8245861924447,0,0,594.4777791907082,94.05010980441033,92.45107301684584,0,0,2.844774895782209,26.67486707944917,0,0,878.8245861924447,0,0,594.4777791907082,96.89488470019253,119.12594009629501,1473.3023653831528,96.89488470019253,119.12594009629501,1689.3231901796403
Samoa,176.1,1811.3751435317906,0,0.4988100883354919,168.33507349830558,63.15006852142186,24.851175618981006,0,0,1.1512597471506678,13.073138681319655,0,0,1811.3751435317906,0,0.4988100883354919,168.33507349830558,64.30132826857252,37.924314300300665,1979.7102170300964,64.30132826857252,38.42312438863615,2082.434669687305
Sao Tome and Principe,141.50000000000003,1459.9497704715614,0.7461560201614229,0,155.83719293947215,59.02922757798796,48.04793363058989,0,0,0.4270256337724883,3.9391084720824705,0,0,1459.9497704715614,0.7461560201614229,0,155.83719293947215,59.456253211760455,51.987042102672355,1615.7869634110334,60.20240923192188,51.987042102672355,1727.9764147456276
Saudi Arabia,21114.2,126.33607457251895,332.4478370705873,52.83937981883954,1004.898783707611,101.82089022279737,89.6617497646615,0.8371803139578322,14.303616256064226,2.2798882551908504,22.996876050320157,10.087997650870031,90.79197885783027,126.33607457251895,343.37301503541516,157.93497493273404,1004.898783707611,104.10077847798823,112.65862581498166,1131.2348582801299,447.47379351340345,270.5936007477157,1849.3022525412491
Senegal,10055.0,757.8783380188518,31.96787906555089,4.919531870151878,264.74220562087334,53.503774625913294,19.893886350257446,0.25000254043894904,3.5864934955598415,0.43483273816921836,4.9842960182515625,0.9746394828443561,7.949203725605639,757.8783380188518,33.19252108883419,16.45522909131736,264.74220562087334,53.93860736408252,24.87818236850901,1022.620543639725,87.13112845291671,41.333411459826365,1151.085083552468
Serbia and Montenegro,10729.5,1224.5199658823228,10.815275822967081,98.38354108970309,107.5407036134208,25.678791200872375,10.684759446300694,40.369961550746474,764.255380630533,2.215075586950234,32.575095025388016,7.269677058576822,65.42709352719139,1224.5199658823228,58.45491443229037,928.0660152474275,107.5407036134208,27.89386678782261,43.259854471688705,1332.0606694957437,86.34878122011298,971.3258697191161,2389.735320434973
Seychelles,80.6,657.6719420906779,38.957937434183755,0.1719419708704459,1010.453814509551,146.7622574127474,91.10041993880822,1.9653315645023242,37.07641021131583,8.3004733883416,99.90432207144043,9.925558312655088,89.3300248138958,657.6719420906779,50.848827311341175,126.5783769960821,1010.453814509551,155.062730801089,191.00474201024866,1668.125756600229,205.91155811243019,317.5831190063307,2191.6204337189897
Sierra Leone,4408.0,1132.195955363304,10.96776264772562,0,248.46326148273226,22.785845154057228,15.434932140801443,0.08221181439506439,1.4623341336761555,0.1291782943039384,1.5053812784774154,0.4537205081669691,4.083484573502722,1132.195955363304,11.503694970287652,5.545818707178878,248.46326148273226,22.91502344836117,16.94031341927886,1380.6592168460363,34.41871841864882,22.486132126457736,1437.5640673911428
Slovakia,5377.2,704.2325242252931,11.013991097390813,75.65804822171108,310.04163517003275,44.418823115954325,32.83085116577348,2.8082397788277964,16.989234466869977,7.2213590491332456,73.55632033793172,7.961857472290411,48.67247738315104,704.2325242252931,21.78408834850902,141.3197600717321,310.04163517003275,51.640182165087566,106.38717150370522,1014.2741593953259,73.42427051359658,247.7069315754373,1335.4053614843597
Slovenia,1986.5,373.84461586330036,0.5340361506081943,205.16650461206626,971.7835677505553,65.78879979207485,93.58988846554908,9.364472599665339,79.08416623220405,11.458434926371096,124.15154750221392,10.099421092373522,67.50309688560381,373.84461586330036,19.997929842647057,351.75376772987414,971.7835677505553,77.24723471844595,217.741435967763,1345.6281836138558,97.24516456109299,569.4952036976372,2012.3685518725858
Solomon Islands,421.9,530.1731822582908,0,0,138.76838194485404,21.54587608447604,26.03619950226774,0,0,0.41928894803372935,5.7707540569764815,0,0,530.1731822582908,0,0,138.76838194485404,21.965165032509766,31.80695355924422,668.9415642031449,21.965165032509766,31.80695355924422,722.7136827948989
South Africa,45183.8,786.8223123454542,76.71004081683832,49.868351647186365,240.5095517233041,10.7085102037599,12.530898107978697,0.4991534467787002,4.053483855353737,1.068499357851473,11.572836493347676,8.640264873693669,52.4158322701621,786.8223123454542,85.84945913731067,106.33766777270219,240.5095517233041,11.777009561611374,24.103734601326373,1027.3318640687583,97.62646869892204,130.44140237402857,1255.3997351417088
Spain,40840.6,1004.8564567649081,214.4835481240793,142.1518792083195,797.2814191541293,79.2712792811021,68.12274102679325,6.022491927750339,0,9.655754675607186,102.70571280155863,11.728525046155053,24.997502024947735,1004.8564567649081,232.23456509798467,167.14938123326726,797.2814191541293,88.92703395670928,170.82845382835188,1802.1378759190372,321.16159905469397,337.9778350616191,2461.2773100353506
Sri Lanka,18883.5,771.5450613691679,105.57968434354817,54.892938214251146,207.73310188714555,53.817304791168056,26.701872512236513,0.5302231404137748,9.166614730863035,0.6494069208762036,9.181882016680282,1.588688537612201,14.298196838509808,771.5450613691679,107.69859602157413,78.35774978362399,207.73310188714555,54.46671171204426,35.88375452891679,979.2781632563135,162.1653077336184,114.24150431254078,1255.6849753024728
Sudan,35224.90000000001,1428.109277780795,196.2810819422899,10.172227316150598,56.37556870309552,4.6161215503426645,4.400093963752023,0.2735217518554944,4.978719311571272,0.16572977213365592,2.251394163471909,2.8105118822196795,25.294606939977115,1428.109277780795,199.36511557636504,40.44555356769899,56.37556870309552,4.781851322476321,6.6514881272239315,1484.4848464838908,204.14696689884136,47.097041694922915,1735.728855077655
Suriname,470.8,749.0988814986708,114.74371110331083,79.10511623030222,260.2804351975599,17.039569204638198,27.789461100877322,1.016042103970659,18.91007371578991,1.4410842041941794,13.774414570074876,6.37213254035684,57.34919286321155,749.0988814986708,122.13188574763834,155.36438280930366,260.2804351975599,18.480653408832378,41.56387567095219,1009.3793166962307,140.61253915647072,196.9282584802559,1346.9201143329574
Swaziland,1073.1,491.35568608761645,46.38288306378235,0,655.6636390379366,145.9744762678145,21.511780410803052,0.46225399226992747,8.551604137788653,0.40627186557219913,4.8431512774399295,2.236511042773274,20.128599384959465,491.35568608761645,49.08164809882555,28.68020352274812,655.6636390379366,146.3807481333867,26.35493168824298,1147.019325125553,195.46239623221226,55.0351352109911,1397.5168565687563
Sweden,8911.5,535.4839259639441,1.5455792046324768,85.7379565868319,502.65504474072196,50.93331274985965,53.54531379405836,4.382236766071881,13.296395867717495,10.955199541538073,126.58830089352072,12.231386410817484,30.479857293912506,535.4839259639441,18.159202381521844,129.5142097484619,502.65504474072196,61.88851229139773,180.1336146875791,1038.138970704666,80.04771467291958,309.647824436041,1427.8345098136265
Switzerland,7232.5,183.62678018380987,0.09081284070828397,45.182683362118524,851.3851046926953,78.76742858252176,82.57471608728412,6.885361696630674,4.4336839791300084,20.075691342953036,224.55666416490547,8.572416176978916,22.265273730684065,183.62678018380987,15.548590714317871,71.88164107193259,851.3851046926953,98.84311992547478,307.13138025218956,1035.0118848765053,114.39171063979266,379.0130213241222,1528.41661684042
Syria,16859.5,1187.6439001908666,338.8608502217339,148.67721239539244,270.8329689760269,38.08677041783402,17.37773358954591,1.0322907111741997,15.508587335878117,0.6044742492958848,7.941857284693315,8.458139327975324,72.17619584569144,1187.6439001908666,348.3512802608835,236.361995576962,270.8329689760269,38.6912446671299,25.31959087423923,1458.4768691668933,387.0425249280134,261.6815864512012,2107.200980546108
Tajikistan,6201.4,647.7632892158834,447.68018699956264,47.80889366139604,1069.0833372717152,14.840930192239815,9.179809639961768,3.8490863383441476,65.99374417257708,0.584578008188179,9.393011064966327,7.095172057922406,63.85654852130165,647.7632892158834,458.62444539582924,177.65918635527478,1069.0833372717152,15.425508200427995,18.572820704928095,1716.8466264875985,474.0499535962572,196.23200706020285,2387.1285871440587
Tanzania,34719.2,913.411821392499,23.015430591660234,4.25117635529397,52.897318136309906,9.910582864175767,5.038203928423408,0.03399811916761429,0.6362555362957425,0.12437699939843357,1.6761586733154292,1.5178921173298925,13.661029055969033,913.411821392499,24.567320828157744,18.54846094755875,52.897318136309906,10.034959863574201,6.714362601738837,966.3091395288088,34.60228069173195,25.262823549297583,1026.1742437698383
Thailand,62968.7,939.0288903120895,134.5331661973568,64.32243467700494,148.75969331703757,23.45609196879287,10.85986981692559,1.206587336981178,20.26220173169678,1.6752901356667211,19.820477775274078,4.34978012885767,39.14802115971904,939.0288903120895,140.08953366319565,123.73265756842076,148.75969331703757,25.13138210445959,30.680347592199666,1087.788583629127,165.2209157676552,154.41300516062043,1407.4225045574028
Togo,5303.9,845.5795650087714,1.147929470010384,5.145114184473603,94.46779989103614,14.972339040651173,8.934148069355187,0.02610867808401295,0.44139303198021995,0.21147799467439418,2.3958528250182445,1.6780105205603426,15.102094685043085,845.5795650087714,2.8520486686547395,20.688601901496906,94.46779989103614,15.183817035325568,11.330000894373432,940.0473648998075,18.035865703980306,32.01860279587034,990.1018333996582
Trinidad and Tobago,1296.6,83.43055152300057,0.05903754787628221,0.41951313466155327,1224.9142024823698,89.04820924302399,108.53534756553968,1.3058510463302857,16.89078669573378,3.3593611334355624,30.124948934547106,16.196205460434985,141.72595639198178,83.43055152300057,17.56109405464155,159.03625622237712,1224.9142024823698,92.40757037645956,138.6602965000868,1308.3447540053703,109.9686644311011,297.6965527224639,1716.0099711589353
Tunisia,9482.7,1299.7076179150154,126.70947003322809,42.2664194965121,504.68164754046046,135.50804806774235,57.82238744599559,0.34935936503316906,3.1811496728716824,1.7951660361787107,17.917749126600484,3.8491147036181674,23.22076319801629,1299.7076179150154,130.90794410187942,68.66833236740007,504.68164754046046,137.30321410392105,75.74013657259607,1804.3892654554757,268.2111582058005,144.40846893999614,2217.0088926012722
Turkey,66848.5,933.8436776477699,167.86099894431518,103.27302222065398,216.02779976223553,71.15696293185427,17.43184543023538,2.3944289819466604,24.62852086008329,3.03091206180992,39.52151456786105,8.317314524634059,54.4019997354267,933.8436776477699,178.5727424508959,182.30354281616397,216.02779976223553,74.1878749936642,56.953359998096424,1149.8714774100054,252.76061744456007,239.2569028142604,1641.8889976688258
Turkmenistan,4544.7,1239.1933046922368,719.3179380847963,0.14775700955906582,185.1783784545931,9.388764400699817,11.627671538867462,0.7888744902240049,7.399445606017442,0.879577170906042,7.278486017752657,9.241534094659714,83.17380685193743,1239.1933046922368,729.34834666968,90.72100946751394,185.1783784545931,10.268341571605859,18.90615755662012,1424.3716831468298,739.6166882412859,109.62716702413405,2273.61553841225
Uganda,24961.900000000005,1019.1718651529495,0.4305628415723752,1.1375080328336005,35.93793274572437,9.835281951086957,3.440059612346019,0.09828253851572549,1.8611210431342418,0.11961593829672496,1.7658473660436338,0.5207936895829244,4.687143206246319,1019.1718651529495,1.049639069671025,7.685772282214161,35.93793274572437,9.954897889383682,5.2059069783896526,1055.1097978986738,11.004536959054708,12.891679260603816,1079.0060141183324
UK,59334.4,243.52725446767963,0.9437516691164931,53.258158974346756,672.0130504863075,71.86466693921088,60.9655538294311,4.1387165117045015,1.9718063822905332,12.227131878558938,129.56084792431437,3.4887013267177216,4.091501771139545,243.52725446767963,8.571169507538716,59.321467127776835,672.0130504863075,84.09179881776981,190.52640175374546,915.5403049539872,92.66296832530853,249.84786888152232,1258.051142160818
Ukraine,48737.6,1117.6285163937805,28.15545605728956,62.00879903891386,55.93145326647347,7.697440890593129,4.408967802591227,8.755600590995714,159.656377010148,2.0388609680409546,34.80092630939173,9.35622599389383,84.20603394504448,1117.6285163937805,46.26728264217911,305.8712099941063,55.93145326647347,9.736301858634084,39.209894111982955,1173.559969660254,56.00358450081318,345.0811041060893,1574.6446582671563
United Arab Emirates,3329.8,412.74428334784466,140.09765441864414,12.274368535494045,1508.4886371044947,386.1855943037581,185.3370016760563,0.6279850451638789,9.656793375918593,25.114943606631932,270.1895891274787,18.5296414199051,166.76677277914592,412.74428334784466,159.25528088371314,188.69793469055855,1508.4886371044947,411.30053791039,455.52659080353504,1921.2329204523394,570.5558187941032,644.2245254940937,3136.013264740536
Uruguay,3307.1000000000004,1567.4431883476766,53.407039954883395,39.1386235629244,388.73981637420184,3.9560622381917026,11.937996836974888,0.5239413438482908,9.675637172492422,2.5440692946378225,31.02706978687361,2.4190378277040305,21.77134044933628,1567.4431883476766,56.35001912643572,70.5856011847531,388.73981637420184,6.500131532829525,42.96506662384849,1956.1830047218784,62.850150659265246,113.5506678086016,2132.583823189745
USA,288958.2,1600.3853858330717,136.51548045338345,223.45341988116402,367.9379815857046,37.513895971472266,31.70121217508558,30.855306701016335,164.6731402523326,11.340295276839381,126.9955544436918,22.646874184570642,88.44670537509514,1600.3853858330717,190.0176613389704,476.57326550859176,367.9379815857046,48.85419124831165,158.6967666187774,1968.3233674187763,238.87185258728206,635.2700321273692,2842.4652521334274
Uzbekistan,24895.6,509.9309568998501,346.66005006629854,0.010657578803723812,255.5673319924029,3.0832634033706237,5.836047836453197,1.9072206734121588,35.50199745062432,0.48402848617920924,8.057011755301758,11.126464114140653,100.13817702726585,509.9309568998501,359.6937348538514,135.6508320566939,255.5673319924029,3.567291889549833,13.893059591754955,765.498288892253,363.26102674340126,149.54389164844886,1278.303207284103
Vanuatu,193.80000000000004,1264.0111540001294,0,0,45.53147529604734,73.92235077589588,33.45909193216804,0,0,1.0745945916504271,13.171032000868081,0,0,1264.0111540001294,0,0,45.53147529604734,74.99694536754632,46.63012393303613,1309.5426292961768,74.99694536754632,46.63012393303613,1431.1696985967592
Venezuela,24640.2,874.6116316778171,48.46018535043777,33.16961536495605,526.9752752089981,22.20665551361679,28.675860828106483,0.6534807345519573,12.156205068574547,0.8698670253739483,7.891547975836677,15.462536830058198,139.16283147052377,874.6116316778171,64.57620291504793,184.48865190405436,526.9752752089981,23.076522538990737,36.56740880394316,1401.586906886815,87.65272545403867,221.05606070799755,1710.2956930488515
Viet Nam,79188.2,637.6575619639439,67.95919623100401,94.19283973879882,52.35972913459273,6.408915433835922,4.225342933553489,6.05738224386295,113.83647734510559,0.3799715914604792,5.424117744369186,6.995991827065144,62.963926443586296,637.6575619639439,81.0125703019321,270.99324352749073,52.35972913459273,6.7888870252964,9.649460677922676,690.0172910985367,87.80145732722849,280.6427042054134,1058.4614526311786
Yemen,18502.1,71.38271535597528,126.23141344820992,5.088581346272638,551.2473415131373,90.22610017795286,38.36268985699924,0.11033739497047233,1.8477691706219739,0.16960437292520783,2.0411405839454977,1.470103393668827,13.114441560660483,71.38271535597528,127.81185423684921,20.050792077555094,551.2473415131373,90.39570455087807,40.40383044094474,622.6300568691125,218.20755878772727,60.454622518499825,901.2922381753397
Zambia,10573.6,753.9892814067597,27.817774602258805,15.978911808273846,76.2055387900669,7.907556170789713,4.91986924639011,0.2854130170849076,5.0719028618480975,0.12804284707111094,1.536017367349065,2.742679881970189,24.684118937731707,753.9892814067597,30.8458675013139,45.734933607853655,76.2055387900669,8.035599017860823,6.4558866137391755,830.1948201968266,38.88146651917473,52.19082022159283,921.2671069375942
Zimbabwe,12357.4,958.6587341628893,57.71413452137922,34.505241468160996,81.08155632567073,6.6120090153615125,5.548724942370009,0.816425237855952,15.26882432274235,0.19944081112836867,2.16181271244547,4.766374803761309,42.89737323385178,958.6587341628893,63.29693456299648,92.67143902475513,81.08155632567073,6.811449826489881,7.710537654815479,1039.74029048856,70.10838438948636,100.38197667957061,1210.2306515576172
World,6154564.200000001,796.5838384021387,107.10920337367398,90.33210791525094,218.84744970866285,33.236694493242226,21.36732206196331,3.83697439598836,34.32872127101481,2.26156268645852,24.60891893439797,6.827924794415175,45.82050735871603,796.5838384021387,117.77410256407751,170.4813365449818,218.84744970866285,35.49825717970075,45.97624099636128,1015.4312881108016,153.27235974377825,216.45757754134306,1385.1612253959229
