Day,Starbucks,Pepsi,Mirinda,Gatorade,Tropicana,Lipton,Fiesta,MUG,AMP,Slice,IZZE
0,23.5,15.66055770470664,17.076063023855575,12.284893617021277,12.813271276595744,13.96651595744681,12.810025789813023,11.261610251450676,11.67110493230174,11.046982591876208,10.436477272727272
1,23.625807828199488,15.481271330056224,16.839482151111955,12.120179290948151,12.584801327473752,13.680234351343119,12.953135576071746,11.274702417802374,11.555179313078602,11.128628370691429,10.11629700293771
2,22.750202846531817,15.717267236625993,16.82958944144595,11.99780653184613,12.402099660170903,14.193823798659684,12.965474135864385,11.337006101206292,11.397360689275846,11.059218040570338,10.015536804190269
3,21.989733932974577,15.875854834027423,17.43826190699103,11.915578780257194,12.71362422107258,14.541412774383106,13.413626069587554,11.649329720349908,11.402436587703692,11.26515448203581,9.95677289310288
4,21.754702791323655,15.568807629809742,17.222893859391917,12.011443150742277,12.995289384184336,14.70835379940064,13.248682658686205,11.347931222210578,11.154515119739541,11.374591023015412,9.904036208413924
5,21.32912121278746,15.600097483420917,17.860661883667863,12.13199634181293,13.155714693879625,14.63855743742142,13.301413744904199,10.682516504406568,10.912294252581853,11.4707218759421,9.854472149759802
6,21.474330222978306,15.83663649023327,18.1173093518742,11.987951160928429,12.8725421707041,14.357080213038829,13.10640400439521,10.721473986460833,11.058946542365907,11.610952598955764,9.840465806967961
7,21.098412426223852,15.316934261945432,17.916652535161553,11.976480531322817,12.792446793872065,14.24736691229954,12.765938475368369,11.114183540367403,10.805184566387053,12.098647611253543,9.933420032979178
8,20.521060970088207,15.484621189951197,18.14673891445837,12.494892555428141,13.107746601724976,14.557700765856648,12.611703564572716,11.392602447135193,10.947537348275326,11.828239793582803,10.10679660769715
9,21.14206586151816,15.281088075375346,18.505242780440675,12.928066115278556,13.146088736589363,15.113446948064366,12.60337396118006,11.440053304565541,11.046664939622888,11.940983585162742,9.974439582518805
10,21.05733957031185,15.456800666818548,18.738915621691874,13.0352454399252,13.771447310129265,15.583657615170733,12.496624400744418,11.327701004440994,10.669344636340854,11.721946154159314,9.735458311297302
11,21.09634360543314,15.222962997609553,18.161610304826993,13.039024342065604,13.881406913631437,15.428536587656566,12.325745339340452,11.511618326791842,10.523233837733494,11.85307162180057,9.532879114898753
12,20.513942417575244,14.683559767738032,17.90140900203685,13.064219364767393,13.936033688484214,15.083470918549681,11.984856496068097,11.28922929192175,10.7750142341292,11.637437564212005,9.438675648600588
13,20.301953610931736,14.213592874620366,17.815006755900033,13.219292211410778,13.851340995796406,15.122599188231316,11.965910726145443,11.396878328351029,10.563121764866699,11.540861439707841,9.370722555985047
14,20.357218576689835,14.227569064432908,17.790500512164982,12.945538736662932,13.88958684295676,14.593766778379935,11.612097915703437,11.512254891817767,10.462976526109287,11.473110422773626,9.225793848521906
15,19.903900123928242,14.30196772889692,18.014738055652245,12.873017912802146,13.848494927335471,14.68506352910367,11.79090709520457,11.758536993238698,10.55760452806266,11.699386130147538,8.988031522785446
16,20.064050051137485,14.045919325474959,18.08090392948159,12.444659710006407,14.047230702238696,14.638453547499157,11.811309396442045,12.42531533426289,10.721771873184041,11.916445572952085,8.904746057770296
17,19.834381777616578,14.226762568175788,17.606384442628404,12.538524209305805,14.319838194443701,14.499355103689195,11.472886058505624,12.522756266475959,10.665432035980675,11.623385320161585,8.935444418806561
18,19.72886930990545,13.762060857002867,17.74276224208943,12.695905598289707,14.097713421437797,14.041021374165394,11.403067378908705,12.395474403208947,10.536230765533318,11.636325247113954,9.040725542691632
19,19.50262121821373,13.744175196841638,17.962774133255866,12.567895744897905,13.728507345151337,14.182774678357907,11.233712603029296,12.388680251921373,10.83768566712969,11.472513684883161,8.938822989067729
20,20.248777911316886,13.415569074332305,18.167048801321243,12.963725721707693,13.234630727940214,14.029288675327662,11.306557337762001,11.957573880872014,11.218561429284534,11.18750943663451,8.86363473903159
21,20.253436790029593,13.242088728005895,18.566097235892805,12.643833198386673,13.370934757341814,13.701727061444828,11.614704367944707,11.79214737273001,11.437632873573612,11.139212616699016,8.699242129245953
22,19.83940831539187,13.254927708405594,18.880464391314902,12.273124744944914,13.080237634448615,12.933872890353925,11.18807540889901,11.695584820299315,11.454442208990885,11.070853684541174,8.69214793065849
23,20.17857053808978,13.029059825367291,19.056790315048417,12.322547512553855,12.530068607219052,12.92382373424124,11.214741168260652,11.573208992620637,11.2680863811498,11.621585124625353,8.54430059232346
24,19.70168773381827,12.929509259691445,19.03220029120742,12.577411520729955,12.62891920382186,13.387085493345468,11.179776587595825,11.608100522265804,11.079846614614226,11.722819387480957,8.641187142200968
25,19.794053726280783,13.192641473690257,18.412415716088983,13.002099048484896,13.275707904892261,13.836204749553577,11.331804586413062,11.418307600472302,11.193579217363359,11.404396425992054,8.33643443188009
26,19.042782783214086,13.041577042865049,18.573385978175484,12.877259311659738,13.275244913656987,13.707180177221133,11.38113683754626,11.676775055221901,11.284955918164803,11.276460569815331,8.275140995906686
27,18.55286922484522,13.26166371654742,18.652787047368054,13.151901061308823,13.500913829664967,13.540004323214168,11.212149717102664,11.676393952536355,11.603011607500415,11.509341945125387,8.323568434230474
28,18.635375388570885,12.965661297109142,18.75647971008359,13.135597791148248,13.524197710400285,13.664443633096269,11.141723768424423,11.673792906117882,11.752146414338412,12.000422641498938,8.352665471769132
29,18.92210865651599,13.104053672521346,18.28564693810126,13.084170943288072,13.498644236201873,13.39126229784676,10.96662416775043,11.59706133749361,11.401403949670009,11.625909305375897,8.813232928966924
30,18.996568816011415,13.487645399122687,17.896540518127264,13.311204985294182,13.750254398715617,13.469276767064395,11.206082241394611,11.632684521841488,11.641050222298006,11.19706449977202,8.873446599161017
31,18.962159889847875,12.837394231829919,18.279543812075122,13.479667047518936,13.671841836688102,13.674132841448158,11.211757144170393,11.825804347793706,11.408271481265102,11.624150975071782,8.69540870733044
32,18.8577380193995,12.634681673776715,18.26713663428942,13.055171640219005,13.746342189909187,14.010648263037771,11.647211999382122,11.622054804315427,11.318306343246762,11.715247085723853,8.677199350831113
33,18.317426873178004,12.781618760104253,18.51989895305471,13.440129141119439,13.836268058112049,13.979438634720916,11.634021264978585,11.469661970185733,11.372380575594224,11.513718917072707,8.372787377292703
34,18.06463231041157,12.730087832114398,18.532468849231993,13.809773388858337,13.653801736233119,13.919449935905302,11.471269322277017,11.399781172907149,11.832656617332868,11.637653359802332,8.357737935537587
35,17.907922904339596,12.825204611447901,18.545580552355812,13.631660856375825,13.928615427927257,13.674058780753816,11.13008000271203,11.096613391385048,12.589004822984672,11.040218485328639,8.218104957296545
36,18.299718547256454,12.671479465733682,18.899005803257634,13.733539080798904,13.881162918059895,13.446729855157667,10.736708933415867,10.915873619137066,12.73966648133703,11.041118027259813,8.368380708717734
37,18.435129301755683,12.693710922680511,18.707051702410045,13.863387054681798,13.674111514148445,13.382921740502804,10.402705786216206,10.812002160420647,12.690056682629521,11.113901309112247,8.2753610449821
38,17.805319170877446,12.654517152333854,18.745150720936653,13.929300939171107,13.822823655537748,13.478552779759978,10.459268558017445,11.002338403565064,12.823392874397369,11.321414976887253,8.254513877218209
39,17.930065162269866,12.953823495905379,18.574723613847556,13.770357668188028,13.577829748110517,13.723977199130433,10.567075482942375,11.059859354601695,13.049977239256293,11.094307168562366,8.14872917031558
40,17.8014030328407,13.020180858322842,18.41607477910824,13.58023744292752,13.586660457702143,13.502217301449237,10.238952487571384,11.102355557163012,12.963467990694047,11.113491464043086,8.435525100630347
41,17.570807079905638,13.108668070261686,18.304603692408914,13.56691777121022,13.585358410158513,13.908229562585841,10.424722369469457,11.292496492110743,13.434172992619654,10.909841700201255,8.379934228851157
42,17.795975959192486,13.00140296768957,18.388167692651283,13.882355984096966,13.884832803781372,13.829877384053695,10.325318301973848,11.261099479299732,13.492922774182137,10.965861318802439,8.691140394132411
43,18.175823874383152,12.875499773530239,18.21498398419464,14.027510967345357,14.01849580187138,13.820831261874032,10.35650555684526,11.348967608015409,13.624673550692382,10.771394568334511,8.832164820308012
44,18.52679300447881,12.764861680710204,18.680343097851328,13.9173737689243,14.01269339313961,13.612735168837474,10.69674342794072,11.325146027974649,13.804064469661917,10.683985280882652,8.916062631988762
45,18.227539402456415,12.866234164349743,18.35114150197713,14.127195979558794,14.244992740227161,12.96552602375071,10.891211509823107,11.384992412623603,13.917638849843888,10.473450956825234,8.980378742630894
46,18.1242234717117,12.758628640947565,18.284733430800266,13.33858105780935,14.647887862291816,13.193811984311372,10.833743041120096,11.252654770705979,14.14976530222708,10.610883979800715,9.049694119352079
47,18.2538246057557,12.833056890689017,18.126663535620665,13.642170517313712,14.81349960539513,13.386648644884627,10.643206765114622,10.716568028260543,13.97283634320193,10.79478613618289,8.70580862683274
48,18.622779357940967,13.377223778711501,18.66099770447636,13.169470109049861,14.817849412581442,13.308518530798281,10.195694973311035,10.687433318368967,13.814397680244285,10.744401263198602,8.655766513529269
49,18.45438558449069,13.612617939342101,18.736600990485133,13.068205886872235,14.435382536441464,13.323337109734076,10.050903741122381,10.995507477630976,13.510544892107244,10.752771456580351,8.801673393548521
50,18.395183494838914,13.524431587332248,19.129428337231996,12.772809299720233,14.13235122947575,13.458474523995234,10.009353459243568,11.200677939695405,13.62658573691856,10.445859378334314,8.791425510267112
51,18.00162738852734,13.853573182665693,18.571512461383794,12.44046910140956,14.047558818926758,13.041428506510718,9.814456608187477,11.418621378207648,13.837242071933304,10.383584029588983,8.546193936814886
52,17.584855203517964,13.741257432994685,18.673061988294364,12.72668689023049,13.87855620216098,12.90123543467527,9.789509714264419,11.704007586711247,13.961189832555714,10.373308049156591,8.535644754300167
53,17.881891419686024,13.192670675703651,19.010409391724217,12.602269060438406,13.827951935132091,13.104837048774924,9.805353031653032,11.72434775548541,14.433232840905244,10.93168879397007,8.829920053878292
54,18.38276146962354,12.929620121528812,19.04385538741603,12.683941528144915,13.844825977372325,12.777280666005495,9.762137632935255,11.770274216344319,14.42818627012982,10.691407964153067,9.051194604611684
55,18.36548607504674,12.45504908535287,19.45620867577116,12.666087197311091,13.993486688674547,12.849601978540834,9.636822095930539,11.625342361602774,14.618980465041098,11.009273189100329,9.03828662554667
56,18.74718868448018,12.368054958638465,19.258116116010953,12.781498891277037,13.97497949571015,12.502820167374185,9.670156962088903,11.551660176719665,14.299848010864501,11.231126501328738,9.21019998523443
57,18.892717396025198,12.372873043924102,19.81088755613307,12.795134113454546,14.112841495328306,12.617135669681081,9.756789540257076,11.694373262386067,14.186192386640544,11.294498726108399,9.141224774663398
58,18.65984949532976,12.795023165204988,20.745342251373003,12.465126857444416,14.132274567785771,12.605283684313093,9.547081214570609,11.978923345162652,14.381491817401942,11.698985675504098,8.833310866465888
59,18.80460979924086,12.879230086332196,20.59765236639981,12.710011851276832,13.585979873226036,12.20183635947676,9.821110239324952,11.945122219938396,14.624326510727359,11.78654018673193,8.669867739224976
60,19.40174039630818,12.823187401050275,20.417230610720985,12.579200213387786,13.334280547832591,12.486577666229515,9.80254909809756,11.837618249049363,14.535140676362627,11.878800815426791,8.94347544251704
61,19.39753997105764,13.037949208583502,21.02177904551495,12.18788983738694,13.297060495825258,12.301675603949727,9.80703031870475,11.837307866980407,14.510890511127943,11.866353038498225,8.892936931883336
62,20.024151610287394,12.474202154974138,21.698921669832412,12.078298216733966,12.980336600025973,12.101185998909306,9.947724663525445,11.980059783901812,14.07364883886149,12.160491101180007,8.84809899805819
63,19.011503122091646,12.53338758928685,21.47560183052386,12.440475244697094,13.138157207987973,12.147068683942727,9.995032526180086,11.638629643650724,13.970190339170873,12.43028224711318,8.79355286573874
64,19.33626355406702,12.72838463200254,21.29827070557243,12.647878727767903,13.547774895655376,12.42652945033032,10.188208339933581,11.115819885842994,14.217813797385125,12.27587595003874,9.133185243910242
65,19.37964357479284,12.35775622593842,21.18095260431048,12.554086827004497,13.883264182575287,12.173850558551191,10.24770257394071,10.993693521003083,14.378901827760878,11.956380308433666,9.433306234194706
66,19.273730752996066,12.643965890984447,20.621318752954323,12.460839532516793,13.825321252652913,12.186111278454257,10.123757054631426,10.728146096213475,14.520152406270517,11.908106722362815,9.85949748682917
67,19.318791661374426,12.730123834163964,20.248172016813133,12.375119630396965,14.244955577896102,12.288283474705885,10.198034111055122,10.619279615014488,14.531158256687348,11.71924777712523,9.826347051430062
68,18.575191593299074,12.625094968569353,19.847813092788165,12.893879255058797,14.28861035457932,12.456983501038916,9.96820467397305,10.58755012981643,14.529755675808909,11.704531481619279,9.882768619490934
69,18.503010847812195,12.786158902621535,19.547550885043172,12.986641064628166,14.193832855782393,12.498182733888388,9.990670830764746,10.491622138434185,14.33572178579894,11.99798598139975,9.585703796875507
70,18.644957212981286,13.380497316988532,19.53618588774437,13.092660930085756,14.021979371351579,12.40395939365564,9.984832508338283,10.800469639171434,14.53403626871093,11.888918323140711,9.87122978315009
71,19.213892780608656,13.429538723260185,19.63011473516446,13.358959658280378,13.93861718032788,12.197572482367764,9.944154656507543,10.870880863910086,14.653436720517721,11.878906098669049,9.641549259672065
72,19.025271899336243,13.496659229507811,20.250651969600966,13.416601601430212,13.832020198129683,12.215832602184829,9.91941758302357,10.936003744067179,14.794825380898349,11.892865117413162,9.681629976494744
73,18.729471949150398,13.373512715497366,19.852541501886222,13.340997461512403,13.880445840373083,11.953966121629366,9.553783737017879,11.072535967433824,14.636508596100793,12.096561433494207,9.469699520809993
74,18.551732527528863,13.14840312354228,20.249510254844207,13.282463085710793,13.926299430057773,11.27298480985916,9.45026546153595,10.822792893067696,14.016207627436259,11.565163252539227,9.35707550029432
75,18.903956234871615,13.368860341700014,20.16529298247831,13.257220696430503,13.928353194764874,11.369261642726665,9.468587888545095,11.049661782376687,14.323758780845363,11.425839016293514,9.199972556327051
76,19.038176390185445,13.142188956162789,20.147612788346866,13.24112748977911,14.0518191842727,11.574045048000865,9.499669051362034,11.032525288463406,14.183865305940927,11.47438328169772,9.08710113579544
77,18.84694897822462,13.161291068090632,20.42366597400874,13.42891318487334,14.391695441249619,11.037289324725355,9.307155473416483,11.18105230506737,13.937900261383263,11.753282394481019,8.987964915715587
78,19.050938996956567,13.036433220357955,19.972413788199457,13.436552446314233,14.668890518488546,10.814176327829795,9.546529816511587,10.943510837633912,14.129199678552771,11.638382481001374,8.888284217601427
79,19.097509665062816,13.16219499552254,20.128009083624665,13.628475308747205,14.240891981905396,10.946436981298605,9.383325893823535,10.608278726386953,14.015523157000986,11.209833471224584,9.035973467444983
80,19.480828777087112,13.250603021811669,20.19739230017089,13.600095736811133,13.532925784711992,11.403689629934195,9.56780167134844,10.782837199211189,14.312402224686053,11.349793792490608,8.836840126271964
81,19.218815640792602,13.528721943351242,20.399586955193048,13.615097988913744,13.789378250893227,11.405844059593473,9.650670622361883,10.863919194760744,14.486668007032586,11.20663813222948,8.87424395935931
82,19.102830876987124,13.391708733281314,20.520207909160394,13.075563372326867,13.418677401724722,11.238426391899534,9.527505326811543,10.669287875960853,14.682589073100512,10.943294837639721,9.091366997503053
83,18.963088411476168,13.319902974742135,21.555441298381886,13.311142114793055,13.35964781935303,11.194850961799517,9.872658633763818,10.48493307275734,14.283506366649396,10.807647468683175,8.996848136121045
84,18.425288121793482,13.061973490965627,21.284638332718224,13.397404501160105,13.051761284171665,11.50434163194983,9.640533961066431,10.7232169300371,14.630473217838158,10.767985653014998,8.86693230279153
85,18.5440036057604,12.946694080664722,21.0621542897087,13.661080952298317,12.590845758024463,11.35409243236341,9.820181769156047,10.470755491633888,14.703620863744367,10.638681025091552,8.824494737807498
86,18.650399867647003,13.045034946173011,20.80362207882743,12.886183145347658,12.729037741499749,11.171517261225214,10.019481323878273,10.820071262681315,14.59195643510621,10.17973680297953,9.033490218124152
87,18.66163581099388,13.244316078936874,20.57608941446569,13.429488785343132,12.924897185262756,11.061665792687371,9.8867846112433,10.62652958517074,14.630383486208359,10.364167720783128,9.066931679391049
88,18.58357475614563,13.002560429028428,20.317733519979026,13.385753093170695,12.777832072663367,10.850292722662385,10.166808393698869,10.762681399888352,14.116409742606752,10.631974378865184,8.969434065874504
89,18.073932342440187,13.230959869096196,20.809019734378737,13.67930877703479,12.1335882684914,10.874477141806278,10.11690165591133,10.691783779288714,14.228872832345862,10.771570654474434,9.054963584833072
90,17.93147935839961,13.594882029354856,21.411084276827765,13.391444750635253,12.002790332685336,11.23108182945328,10.176298914896119,10.821149914570476,13.935617572112372,10.529391828294594,8.855867036271876
91,17.817898776666517,13.70804948605031,21.17044160702728,13.55020012988861,12.098261603422257,11.30132206035185,10.230238249820234,10.703635873332273,13.560440702327469,10.487191998100574,8.975694617408303
92,17.543051681604965,14.23267312284516,20.82326683863362,13.261469397650082,11.74667338482782,11.241875356798266,10.203611699173246,10.668450637105025,13.150658169660469,10.485970719083186,9.047653359325015
93,17.495299444980734,14.014402868460671,21.022880594878345,13.090898279958834,11.790850216041433,11.173919913301937,10.371254229567871,10.676792400465358,13.443393363909497,10.61245270127588,8.990443788058425
94,17.646072878864615,13.670135985920107,20.79430314412144,13.595347182228641,11.788260587976898,10.827527127353392,10.53800017931932,10.464535017688553,13.272108495898324,10.755409848356669,8.83926254338347
95,18.33362814122865,13.192655970348394,21.061565186572132,13.537231176941585,11.926663732368365,11.017962846521302,10.176663439032797,10.62034637027419,13.682278997641351,10.598784862204926,8.682268014853841
96,18.40695409432046,13.593643727617236,21.149587690409923,13.589836526948632,11.956256445605549,10.998327490813049,10.446469321551763,10.511507183937574,13.533223637694615,10.616328444883749,8.773993727501612
97,18.511266392963872,13.773008058876597,20.520361857060657,13.821886872192193,11.7268356069319,10.956212517682296,10.105645915255383,10.46317344822093,13.0757938476116,10.714016189242527,8.990645540770675
98,18.49296931123881,13.757995706731098,21.16777302116601,13.953031074758739,12.011900054647878,11.67607447994051,10.31733246782117,10.25677060722568,12.784000704041938,11.030710209876338,8.875116411354384
99,17.80563888309669,13.835540070066326,21.94434694737595,13.988491157316783,11.974911833468072,11.743382869876735,10.553308357552796,9.744027974334347,13.100794619712126,11.18739072662575,8.955180043442377
100,17.805099780866815,13.527869751021562,21.679474044317725,14.084345588099682,11.96941004811139,11.565506988042477,10.326362817353997,9.706514394364316,13.056905261895103,11.365499590554313,8.587473355512426
101,17.835476311339033,14.206337082162692,21.514432977219087,14.770944439143696,11.749085594943393,11.464703020670898,10.242685980026726,10.18598520603025,12.911438147498057,11.38472919117142,8.486062864434759
102,18.745512065418335,14.243400512311508,21.640216207654042,14.746996705425754,11.646390613034049,11.728420031812668,10.019466454277639,10.346704697903224,12.949745960238054,11.710619279262831,8.479206994724892
103,18.682871619865306,14.27489912259948,21.7878986286451,14.799467746228549,11.443098551218084,11.752352097570592,9.977289668495128,10.342339443183532,13.077249428456465,11.807150021169955,8.324776734796703
104,18.805287772931845,14.483920986852807,22.079238186453164,15.106635617864077,11.40457308776558,11.416513631639026,9.91680549808743,10.287725639892182,13.369610011342713,11.605713140098064,8.16877569503232
105,18.801635475164243,14.624240157574425,22.98757689977889,15.437110728121118,11.802780451143562,11.6257036890024,10.073458616977009,10.291970596890563,13.759320048663403,11.93623645534148,8.058894653337457
106,18.376456341887422,14.690179842541138,22.908937464430483,15.800550661564593,11.484331807451726,11.468780816320136,10.341762734341108,10.404824994433394,13.657423953575293,12.104180443906225,8.104611465776058
107,18.810716893552346,14.460067126301995,22.548607172759965,15.99616783272669,11.120596944688995,11.903918357664176,10.635357457959808,10.16160705684965,13.296814686764998,11.99756807613387,8.072793577692241
108,19.10529297178119,14.59736950335116,21.937533742702154,15.627291987694916,11.45365529235352,12.161091243138316,10.51729190407258,10.390233297745903,13.18417723084195,11.883228957377309,7.717943329885567
109,19.41966193339399,15.157613497562318,21.621594585507598,16.13865441774046,11.406792229380581,12.050042741019857,10.474213345514233,10.539573798669748,13.249836807567055,11.954090856097288,7.396055902623743
110,19.07919177741375,15.571346509839357,21.609697044490666,15.765439476533055,11.256143577263549,12.359951969417933,10.128240918019708,10.69166045395757,12.99379930699013,12.065512928581645,7.305463719873289
111,19.63186853865458,16.075836580330975,22.401892334485968,15.853696104800429,11.493696005728074,12.373928367977816,9.967106315640773,10.785436760272342,12.744393620393854,12.113384792522119,7.371264085829874
112,19.09864080371901,15.912645585546182,22.173665246699592,15.608988529377148,11.35630326375816,12.583925098233602,10.162123100803836,10.789272243572087,12.829271888928023,12.18921032805798,6.9758352311259415
113,19.33378941995718,15.601126637134442,22.27562919525328,15.581650258099682,11.779723196946714,12.70363155569456,10.496680821852882,10.935045060857492,12.813747130575837,12.610934735588174,6.905170079823218
114,20.20971490738565,15.56225621160195,22.27081078785699,15.677067752370636,11.941559850950773,12.487570638197813,10.2415417430918,11.064837396446377,12.819106316420738,12.88429466718339,6.831596643027832
115,19.823194634924683,15.579938960746729,22.80903841921421,15.7707336755353,11.82662155785734,12.325075380066098,10.121713174234268,10.986361988658079,12.62310723732107,12.933693157116645,7.0226323436814315
116,19.609747101280853,15.924981956349376,23.994092491620886,15.896900064284486,12.349131805136077,12.578739961417668,10.117179019271314,10.86064678561405,12.562086096147523,13.179676128220017,6.967459333752881
117,19.65869572596161,15.395278803772328,23.743347938662094,16.410611008530484,12.201489146962047,12.491964648417083,10.174841427843125,10.882393584716034,12.329081048634105,12.910480752233472,7.019720328752052
118,19.471468843861427,15.873848600277949,23.514699627332497,16.55235870466259,12.385004861965513,12.388711215719873,10.012217806738317,11.224398420455325,12.547569265221266,13.013821032999997,7.038263482897982
119,18.886303735900068,15.82409803931226,24.013617979531706,16.46398496876668,12.46044029822841,12.151544152561248,10.09830310544479,10.949249535570539,12.807028980834865,13.493553343427168,6.743392255623477
120,18.92167799800218,15.689904255760544,24.34608462915878,16.77662916406643,12.79021234673829,12.252147964783939,10.003856463567637,10.632162799774443,12.33983456458034,13.43502480751544,6.846517981804449
121,18.533171388667814,15.375825332040195,25.26493115046961,17.172443788007225,13.197098363752694,12.765226520637531,10.001765937672245,10.666863540306137,12.109673604139989,13.209369325099415,6.874789905352184
122,18.718905887136614,14.875573039546213,25.564585207845525,16.748079997050617,13.20669119718198,12.492733679108929,10.112450704974432,10.677332595960051,11.749800119921636,13.038396257841649,6.943732201784306
123,18.38703025188115,15.122822119430827,25.384386686308215,16.941418345056615,13.01030577315687,12.49594998566409,10.114559340179191,10.714019303822822,11.595278165577156,12.757506800440037,7.509561835083269
124,18.97541561920268,15.145333674064199,25.68891331468489,17.17259253022211,13.131681959335848,12.851005196429725,10.027469113271824,10.76602544566085,11.573192254058588,12.559013237134462,7.201633070372402
125,18.689823179286446,14.75990486385203,26.267848686862056,17.062672325160488,12.956013143119195,12.827640255893275,10.006312000851166,10.71767833614596,11.239796243411547,12.46646697085271,7.452985595406459
126,18.57911184149921,14.382812446319804,26.705445011341464,17.530410156038606,13.489536397612476,12.941286514002625,9.98944350947557,11.041435376021013,11.03184102563438,12.121067108769985,7.408875751344308
127,18.89331724716495,14.286847160231748,26.98078873173597,17.46966191308713,13.52759336570752,12.666337285789302,9.916586084261382,10.693116206813139,10.809969308992352,12.125023244649528,7.450180348601538
128,18.4431123865311,14.772109075812374,27.565657490741845,17.50535944134381,13.430277378316601,12.772405721453842,9.866180991934597,10.517004982370167,10.852292510614996,12.345984426691196,7.442009821060871
129,18.536470819767526,14.695923895334843,28.221066611002055,17.436669628605213,13.481141900651657,12.721801655184183,10.187544459189532,10.494922770827701,10.864770010652478,12.124033279830986,7.377753418868766
130,19.03697312470676,14.260998387003822,29.01532236469652,17.43390383744322,13.123910944657068,12.97215087592588,10.303300524607122,10.15525229222352,10.70652002874943,12.498258914951826,7.292784782807002
131,18.443894189787354,14.191379173323288,29.397521605472612,17.047798791626672,12.87245930024002,13.280882195357917,10.243411602254952,10.119225924664793,10.741895160695291,12.626769891447616,7.339631248342303
132,18.521385819071405,14.114481453867974,29.30271389390633,16.556021323483954,13.18638571188259,13.983665199881345,10.388026741618855,10.460746205954619,10.622561046037843,12.889908670839233,7.1189346280127515
133,18.627215506253098,13.37362797674015,29.39211778581503,17.084468063013883,13.015403867079993,14.143505908560826,10.319729307969821,10.464731989178235,10.562492129110515,12.721608518325905,7.225255677248827
134,18.930230999683083,13.359395558008858,30.113357414823895,16.789611140103077,12.746820803390975,14.232734108803797,10.565564430390845,10.512741355901435,10.919394271993726,12.941076476953478,7.164022949739923
135,18.476897238456097,13.298115709672562,29.62866348886832,16.452250080357413,12.88548506827471,14.284931615867315,10.644815537278335,10.250719612106053,11.213427342326524,12.661700933920995,7.00261223197758
136,18.00432526451132,13.484860233287455,29.851283764699613,15.751321016530818,13.195846421122466,14.181168955172039,10.622846143086338,10.12475992419961,10.923129518554687,12.889340833993112,6.9385717444323065
137,18.202352660988165,13.993148671750605,29.620692733053335,15.544001181732204,13.388119694955913,14.274256403831998,10.719251906989655,10.04869921131119,11.103266823364377,12.933895581872275,7.113909070722514
138,18.31994846654307,14.312313422409336,29.641049807699837,15.130957027969112,13.658680041992842,14.18695197379073,10.388546455890534,9.984681944051388,11.282236688304447,13.077986794963602,7.036832532146893
139,18.421167357704956,14.235852219570008,30.412125125799157,15.62876098819822,13.454664660466168,14.231601056648303,10.15786821880962,10.243549694426285,11.023468040917482,12.77426362431453,7.086135804342585
140,18.558527139056302,13.924559952726042,30.532005348772064,15.940116769879596,13.07858539622057,14.60830059647051,9.91898056710422,10.358063008985015,11.202805311883935,12.547796353960202,6.981990167749171
141,18.31698686062737,14.660290257524355,30.563801345266487,15.714844563776401,13.478413499423013,14.313914151438215,9.94817447091598,10.129979681362357,11.549995755121772,12.698750342352014,7.087306676498639
142,18.411471970448197,14.677973660569291,29.747091108958237,16.431238056112793,13.392868334171721,14.64066139712093,10.299747863327774,10.179670350665255,11.290892001956307,12.460337447823003,7.1838000743516295
143,18.528968948286764,14.682373326848468,30.197784076221154,16.749181301748177,13.327002412713817,15.028043437920253,10.770656763666608,10.281233920639298,11.082957151390852,12.576483566825063,7.452977615920315
144,18.275262475814287,14.675600642994617,30.593585304158516,16.63289796225426,13.686947740371007,14.989196069393156,10.909855377064043,10.51798327766197,11.308153066123651,12.237437438462633,7.425464993874171
145,18.97958368083723,14.73416733376035,31.949852905413938,15.814452103746838,13.841257442972244,14.363145900575718,11.020569540583132,10.855376850803209,11.367018996635624,12.446971558399984,7.5240259380362735
146,19.16988420737576,14.69199830146975,31.75734821052342,16.54812580095721,13.969244613550625,14.186377960877625,10.631511580578069,10.636823075387287,11.490353155416331,12.144068288756225,7.5373877078324
147,18.727901052799137,14.524703473438683,31.900423031013858,16.08699511350786,14.588662547563914,14.555881350922926,10.517588566524102,10.465330391221096,11.56613950690785,12.279126740158924,7.7338442476245355
148,18.984930235575586,14.367013133973373,32.06352433802265,15.558902781698754,14.40335070209841,14.54592374190527,10.35400430085686,10.205018302988844,11.654098838421119,12.433909677700578,7.622027124205419
149,18.627740335675625,14.357908052458395,33.09493542037305,15.872914988139087,14.67439608570585,14.254858364100603,10.227052686076041,10.15699279010777,11.346288851865012,12.262010682129592,7.7349995196277606
150,18.932756643677482,14.203004037877632,33.0356234472329,16.658807110827365,14.692409756317879,14.108469910835794,10.193534111873875,10.251794886212258,11.583703979407874,12.405754245427776,7.703497376995213
151,19.386277864323784,14.00224528074577,33.22421688241903,17.118406289062428,14.772825902949911,14.344416212584736,10.09854999519918,10.45586130853161,11.855042337230264,12.470716643823865,7.692175332070785
152,19.080213255058347,14.03237856441229,33.63439117688344,17.304424935610264,15.232713460572189,14.498837236928228,9.707374982353292,10.439606727539017,11.797972394700732,12.337215633445103,7.704862520989037
153,19.46113433066588,13.961296771713425,33.76394100835323,17.5032594783322,15.389547946414321,14.426443050966384,9.854460159644798,10.37265671702448,11.784915386710242,12.091022402747933,7.742381969513763
154,19.632276734673287,14.387934309207623,33.46756807372868,17.79620474338439,15.557472010369596,14.31774087934051,9.646058167495857,10.403804560284966,11.426787919895231,11.625775726234881,7.72296039927615
155,19.967704375629264,13.645252779226224,33.601502344598366,18.05989216300138,15.89616249611676,14.202773439805465,9.693100470397775,10.231098196874568,11.54217503722796,11.707523209436975,7.754745512369485
156,20.750120353407752,13.94670014928554,34.334666868980804,18.15320615272437,15.781923702326392,13.939995554410402,10.104451261145234,10.667331280759575,11.672213236485572,11.346956455551435,8.001910261351314
157,20.658860029439218,14.298944896846658,33.640724095541565,18.18252561752532,15.520590548231246,14.394448798128938,9.921145668776564,10.329417782390836,11.65493236800258,11.368773194094425,8.159657900203122
158,20.359946443794616,13.718414602506009,33.73408934143473,18.151240883897582,15.20094996340887,14.298709016990973,9.43232581824003,10.367272318356875,11.917152474140758,11.309187000581078,8.301185122872392
159,20.010942974033597,13.62500115602928,33.2687523637939,17.871181119476926,14.616007529901939,14.647731206064904,9.379276930057788,10.795067282463854,11.83497832990729,11.464006127202444,8.224359773410882
160,19.696935532642545,13.524444117050598,34.077305934429646,17.76278800995549,15.230926811814106,15.096830331168464,9.588859136774916,10.79613839404434,11.966531845012918,11.395120987002166,8.077872977376984
161,19.676421342513127,13.149314197731648,33.05854351347537,17.163351069009277,14.89983880815781,15.397791034623337,9.972675655618787,10.754786958121043,11.722178707539193,11.320443943727758,8.232152784721551
162,19.821041436186352,12.946615293134583,32.69472417495169,17.12157481660659,14.835335437786563,15.26197873415921,9.731207394083363,10.677783408110395,11.713872582823356,11.487525056993718,8.376091927454127
163,19.940999491348688,12.662488801073863,32.946007600483,16.77848344995661,14.754706863710336,15.38222034208782,9.829145615680222,10.638937849991917,11.670321030654637,11.564924816195468,8.624852114887755
164,20.283780026642567,13.114395361509835,33.99769386624287,16.404493962803727,14.846985051407389,15.371289311802684,9.738877424184235,10.934695887331644,11.720240721077785,11.63844542711095,8.519700253400073
165,20.299202326975017,13.362405345153272,33.95682333441949,16.455882131386094,15.092502609648166,15.092537761513775,9.719040905353497,10.461133574360302,11.63117501541718,11.74835459119098,8.479090062829966
166,20.908426772816654,13.706873331018771,33.5856183886189,16.912497110267363,15.355813268805148,15.187316690093725,10.247705837848804,10.78653632225169,11.597873386066263,11.39318897720992,8.204037502371202
167,20.808449619336937,13.906438950245075,34.87719644391247,17.21788969756663,15.179094368988961,14.830010843428814,9.945045672924492,10.483292475450403,11.788269252030155,11.567106893245661,8.138370240827404
168,21.98284813910755,13.59622317825139,33.88542790520147,16.67763694864251,15.129753249536632,15.183047463887817,9.996443199315022,10.427149890956024,11.68296538561697,11.709831622530663,8.300654014375928
169,22.270788036427355,13.45462289658503,32.431204902748064,16.343102479765612,15.21681947576378,15.039201013145714,10.091195032548228,10.337636897552981,11.31085064185539,11.474292533264894,8.222031795326474
170,21.903199347406368,13.587243347634944,32.72153712020289,16.645687146719702,15.142632053743277,15.096401709160608,10.313554930808763,10.459656188945289,11.710857310180263,11.418575474162036,8.326472574262548
171,21.449790214447265,13.259442268075263,32.398253926642184,16.314123287487472,15.638683160046401,15.178731542300334,10.33461310892111,10.13025329546473,12.036066431688718,11.409761675417519,8.29325719461301
172,21.668602283933062,13.45016006411664,31.74680212831973,16.233358897967634,15.794370455062476,15.096910795381504,10.399313764301441,10.22394988846965,11.726188034822442,11.379270304912525,8.345620360673818
173,21.58276452936162,13.385949527146787,32.20337481223787,16.405212922600736,16.029610602095893,15.27163288576085,10.319000452654318,10.645980565518247,11.886234907192382,11.455666178232311,8.154712820476037
174,21.904127022716704,13.28625860276822,32.36441106649408,16.082987617388735,16.244945958011588,15.123835459363413,10.375523165172254,10.359273922145904,11.764466967862809,11.788515220754661,8.167094080036062
175,22.123487347575747,13.47681266218791,32.00492984684593,16.109341819452023,16.63215487089126,15.386199701693943,10.30537595522251,10.398270492243928,11.823814418092999,12.046510957102377,7.691404441072968
176,22.102334619428333,13.597378404317464,31.199310235118364,15.677845768748373,16.693924250023827,14.974135648522104,10.43512151963709,10.261131029315786,11.890768718905685,11.7346341423585,7.661275087079012
177,21.742032475816927,13.499853072480214,31.752049020516527,15.483130132172482,16.267914616167968,15.008625155447259,10.359096583968864,10.348525389010417,11.83233946045131,11.881707317302755,7.41408759912417
178,21.10374310262286,13.816817551413424,32.17125683218769,15.57514662194903,16.399896782225223,15.598529673367477,10.438355909988305,10.352108420809614,11.645540436552128,12.201911853450659,7.593668172927625
179,20.926580055355938,13.521572353646,32.111108122799656,15.079653594393859,16.18903960581494,15.286086927271718,10.433083735459965,10.219766053252888,11.483080606412079,12.296845724872291,7.711215800375575
180,21.29874391441988,13.689459946275063,33.322967824100544,15.20593288556174,16.020171623162163,15.076861175191924,10.67156729006576,10.31959339577196,11.271901904247159,12.568282243907891,7.782068996485766
181,21.400835743613438,13.853104100707712,32.621034631849824,15.192816301165864,16.210553448347618,15.229165693517922,10.661457326277615,10.698403688433626,11.083292981436252,13.084596937981088,8.02093757593286
182,20.88466586735355,13.767896162552214,31.64432846245417,15.354403267163944,16.618469237566345,15.280493074560363,10.290843521774478,10.657242276550434,11.065780200904605,13.355441279027751,7.868677018420433
183,20.967608984556634,13.858285610621499,31.21294465887282,15.416068285266848,16.62697964156402,15.38453349728113,10.554718414141503,10.81136684556186,10.905906157508374,13.42238754718878,8.147003267596153
184,21.14038443017561,13.516107693530378,31.187996942235348,15.83500437760732,16.731444588176757,15.532264808009288,10.366074519163,10.53492394226171,11.053064755853658,13.7060831524695,8.298766989114942
185,20.780353904022125,13.768505756940066,31.343666540365724,15.867249954454422,17.312360045289477,15.72712489947024,10.232236045526552,10.334939308240802,11.384068476822547,13.746049611572712,8.258052600125662
186,20.854766237374466,13.717972921688432,31.196304033356935,15.724168288281865,17.3974267270057,16.076425607552043,10.111869774948987,10.432664138364924,11.250088789146274,13.752814690219639,8.446179040350946
187,20.88950109923348,13.57559262044589,31.420258539893798,15.755265824161816,18.32823030590538,16.205057032197022,10.394520294149022,10.746576167556027,11.301396711448497,13.656685587793111,8.259807141934083
188,20.427607342156485,13.863712569837855,30.64698224195341,15.919907900418702,18.5383071193696,16.12339358090588,9.960679974478762,10.822883068586199,11.412191718446586,14.090649491066655,8.123197928016335
189,20.584596106393228,13.670073967715078,31.548360326417985,15.92798115923525,17.898385866126137,16.33803362116926,10.606641505641088,10.754935389027118,11.517694306342811,13.862076644674568,8.023422449752735
190,20.827177091216182,13.29065226834468,31.500099970085135,15.933423422555535,18.17167219428839,16.96693434327551,10.833915631357849,10.75438742409431,11.532461562124976,14.293689301573922,7.9375008444476745
191,21.293880897776138,12.883526542641546,32.2155341152403,15.703897947139273,18.312311971013184,16.918145909696108,10.883265994199023,10.488389354785024,11.702256209967523,14.437505654524742,7.770078538908963
192,21.75831080849011,13.04090293431966,32.44075151009758,15.489784270425135,18.79245043476072,16.587828676801383,10.87219433211156,10.615576425886491,11.812860969171922,14.039253415155116,7.961002134161938
193,21.177565777533623,12.711452082096981,32.74212861519716,15.054220881363781,19.0488243573517,16.955357481514966,10.93533932036495,10.804171163257717,11.521303639401854,14.143061813958859,7.918412586355079
194,20.79444539093579,13.165770596213935,33.12108395919045,15.58298682834835,18.99779289536339,16.910745835650463,11.050792937770444,10.706528464008416,11.720543340206978,13.561536776613096,7.972943990779176
195,21.020257337372556,12.629089609728485,33.42273491390309,15.192961383544414,18.539867007619552,16.187978665970373,11.195216039963206,10.605959602523518,11.927553809391677,13.732451208309262,7.881038904493659
196,21.24799051487707,13.065211602370956,33.858935424680894,14.976823961368261,18.4641213813725,16.46094119868181,11.32121827738968,10.662115539137039,11.744060900772093,13.977939377661635,7.597814380243225
197,21.478732953192488,13.120744924940354,34.774978250049166,14.756233134806358,18.15426642309632,16.28194528643454,11.342427649945346,10.569005206626937,11.750180757921287,13.813511040949386,7.637533617304738
198,23.210805172255583,13.0956670099221,34.91584235217335,15.01566296096955,17.946258826295157,16.24880242348456,11.29865437806084,10.554647126590869,11.909035692037245,13.847879181752708,7.3495756813975675
199,23.489082075138565,12.953993857269502,35.41844972347766,14.920329028388325,18.16033430591273,16.35333492627389,11.265424124671062,11.006917129868018,11.856465698181747,14.400014407403438,7.338121289533703
200,24.040671297112663,13.058091556448437,35.358905179241965,15.290156816879596,18.778721891336932,16.412034440625725,11.22249346003573,10.952268586390018,12.110769743007243,14.255292456148938,7.138691587644034
201,24.51602704352265,13.04854202913955,36.39621353693573,15.078490390080061,18.92917509567622,16.642787532382638,11.480794116797508,10.87365649992345,12.69406774820088,13.956761017873225,7.426747295957368
202,24.849928959001474,13.339953552663376,35.91119285268939,15.155733683113619,18.483404381438376,16.49471861685121,11.618826404845706,10.7333467458658,12.493109684744939,14.376735141140243,7.56194318372386
203,24.706083499958638,13.370746547371409,37.23242272238317,14.897624451531618,18.65010665685249,16.661078886240656,10.956129018033135,10.893894268444384,12.149871394417147,14.952477330943335,7.576536903892064
204,25.096512525144814,13.411283135545688,37.20670277859665,15.543375535016212,19.103489930304995,16.571054890460363,11.10168717435982,10.854081783315207,12.221016904462362,14.953791391765446,7.769014408003703
205,24.723949493249602,13.314387918094662,36.161157708050496,15.171404241756017,18.87355850631711,16.813913591440745,11.145901701457952,10.713632224107068,12.395712251610542,15.259589092193787,7.637191611732905
206,24.61943118808645,13.299513449225026,36.25798981195213,15.258527964482731,18.824667689467102,17.01826391350828,11.14262391135072,11.000120984761542,12.33567547148816,15.6747569665283,7.719213554217976
207,24.393793760816536,13.381920808504178,35.771477519204595,15.44590442422736,18.831828193473253,16.699042343619627,11.057262245740214,11.31649676640228,12.696456416039416,15.443927166299906,7.748673371579943
208,24.445990840413923,12.93222618619952,36.382062166177576,15.566943375469476,18.540119463130946,17.061834138321295,11.30957525811809,11.181004382602246,12.358116158365888,15.294965330520197,7.788240804899165
209,25.617082138695576,12.58845038028943,35.91429846049713,15.50207189490849,18.783694034347114,16.876089714301916,11.526864052320374,10.770907210829726,12.527592459744055,15.676380711801102,7.987477729827219
210,24.690389927139467,12.777248831751194,35.59922825492732,15.454605644226202,18.739933616522595,17.147150328747706,11.350965585543513,10.989741171993362,12.373766191859133,16.21390839958552,8.10383841778952
211,25.044125773151265,12.821258050807689,34.28285142922525,15.46088174581678,18.899470879762717,17.269652604333743,11.444667617335273,10.839889919116713,12.803625458995581,16.39769866161747,8.149244764078794
212,24.261360515122885,12.774436521980586,33.977932523919165,15.408246032132354,18.56857479840011,17.912297387412185,11.225307507560073,11.0122531258721,13.32098866867804,16.11190883227796,7.882463341403886
213,24.04546336335873,12.779416892189987,32.37368203985176,15.700776854614512,18.408416922078672,17.828373304995612,10.920683024805143,10.586395331981114,13.115175106394137,16.76534343598004,7.731110322908148
214,24.587184629033114,12.868835951208073,31.367736967413197,16.402773552427835,18.677921747936747,17.700234535942773,10.78551708483854,10.776683712471987,12.96872943880726,16.588478899939993,7.7107176704368525
215,24.631126735142214,12.730930343283157,31.852003960818337,16.213275648433967,18.540769250221675,17.689345866598536,10.97403627898587,10.51838487697232,13.19047528203007,16.47789229846928,7.72368566874444
216,24.11794241350371,12.53455854926918,32.36017266618245,15.767709065858185,19.194002687953986,17.57841917039223,11.186130883930666,10.672850383415822,13.085628886483166,16.59133122609819,7.549645046083535
217,23.787256302432052,12.584017218647277,32.64036475906851,15.73249415704543,19.042849734203447,17.85786158361216,11.302415421640536,10.67550485774285,13.070641155834233,17.115380732222647,7.921234274697946
218,24.12483825566578,12.340434072461957,32.018770483354295,16.557716368782074,19.130270551644784,17.285891626368212,11.468434373624032,10.473374592245783,13.07417042138361,17.410456987125713,8.16362142084634
219,23.78689051300829,12.441869587867949,31.991818791922835,16.286043839394846,19.492120078015656,16.921585228166695,11.588370378504406,10.388077744296831,12.578730184937333,17.55576308940302,8.260979739694893
220,23.90203930655631,12.025589140411714,31.993100898257747,16.82087472472392,18.94858982573763,16.560279268930206,11.441561384725818,10.531264110941848,12.572259526359256,17.719434170066094,8.271342956798659
221,23.93579934385753,12.27593738219601,31.263932439488478,17.386681146201145,18.29448923036999,16.874206216586295,11.541750782074393,10.553203646787418,12.397073247313802,17.735109660921523,8.234771863534782
222,23.63770748599017,12.392780694026937,32.22186331147396,17.18715812199676,17.74623349263802,17.45753736369169,11.728938989832379,10.676883215020357,12.27248997062252,17.934442517156004,8.077967107866106
223,24.68564976349647,12.456664875863362,32.795935132794426,17.375687047354827,18.201636733078917,17.417153318975263,11.908174345077134,11.106971667733134,12.628990692380091,17.049924756578232,8.088981364554323
224,25.01311966986423,12.704175845540812,32.654981649480845,17.94245428862214,18.00340488100605,17.354505245213172,12.1956996641921,10.764475184447328,12.312648799195943,16.949318162534787,8.129267455133895
225,24.03227268533234,13.13474948268621,32.67620915161421,17.79854807362758,18.95014206492416,17.374892704896663,12.370684638807893,11.117926989151728,12.511564858169988,17.031558585828552,7.928378662917773
226,24.13412245432404,13.404223812321314,32.816355894974905,17.717893570347947,18.739114407877395,17.7793347569494,12.458941368046275,11.140745896530381,12.438995749205931,16.644198112896593,7.980052907934525
227,23.828705784154938,12.919961234783173,31.506834013702115,17.504731819401524,18.810036570707325,17.44865875247771,12.729493242666834,10.941870149354056,12.36665036797964,16.77353129048952,7.9538239663280805
228,24.25055844972885,12.593780412355128,31.35497834997521,17.144988011639928,19.400897524174372,17.528062972057885,12.723761505709193,10.654194627856153,12.560701492283954,16.705310557305676,7.654621770848768
229,23.88114489864472,12.437645711037339,30.933678040163446,16.915834281585674,20.196871768077756,17.86922893115688,12.502314518017263,10.613581866144633,12.643411463055642,17.30248521903205,7.52262294326367
230,23.838323157618348,12.444400395309788,30.32356765129794,16.499021975086382,21.048816673952274,18.04511651100888,12.462604257002338,10.810638675400392,12.7854872149332,17.85573071488932,7.4592562933863205
231,24.092347235035987,12.574174278707842,30.156947887096788,16.502511171057563,21.565573218243653,18.109556077139775,12.279294864266125,10.782699482052617,13.032374650851345,17.690404234978633,7.744805994005146
232,24.525400898410993,12.393241568846982,31.264435240611725,16.24268874466573,22.013722386881582,18.471586984124954,12.11556495264701,11.113151969216144,12.943227283117864,17.63736335803139,7.830030782892368
233,23.955631303103925,12.439883719423195,31.67127695851963,16.311141298933112,22.278076656119246,17.495471899250585,12.0815641149473,10.794847918410671,12.782667308943292,17.61154378264774,7.622235996860839
234,23.807803354577654,12.253617465659623,31.31504730992229,15.80395561224211,22.629556224097158,17.730257389225272,11.89255194268126,10.791841341036355,12.50525975401184,17.453415487521525,7.695251458281162
235,23.594520261395274,12.104919691774354,31.679269514506654,15.901407952584158,22.3834014528104,17.495857793394496,11.820474298925566,10.524498909403558,12.297590334122495,17.521870163510602,7.459365221644166
236,23.299872957885448,11.76936359290013,32.582057167176984,16.161114579997736,22.02200636000527,16.863044799681184,11.382088052006655,10.600928875390908,13.041641542827527,17.25838561747355,7.621224827404317
237,24.149338608480246,11.55428426270658,33.19391390194735,15.522073329200987,22.022425958208128,17.03247154909495,11.43166140432884,10.790246188175999,13.36719051120735,16.872748516201877,7.548339133890346
238,24.357909618966975,11.246351031967952,33.237251377401634,15.63127969344537,21.949495298042606,17.502921609217914,11.432852200621692,10.699431187057682,13.007732102688045,17.084438095371798,7.5328072986992645
239,23.76321859430951,11.029211828853013,32.81365260850631,16.012300087159772,21.7533143007184,17.450911421021825,11.248437858630894,10.156049353147809,12.665186494228426,17.301142730787465,7.73377171020585
240,24.215579014924845,11.264332581251317,33.27882334710507,15.622218272394178,22.06031778199322,17.78263466647451,11.398642016514827,10.196165383133309,12.784794557786894,17.025295404699737,7.535810253156831
241,25.278122818518884,11.052696912306043,33.54551230021873,16.146049135652085,22.487802830369105,18.36122304544142,11.615328884035941,10.285238359782324,12.922423335356003,17.333157348915226,7.32678601003911
242,25.81843098480125,11.650431516318953,34.15534480301857,16.274273557238974,22.529549215929546,18.84621915860313,11.248722150435146,10.36835950943458,13.061956640931825,17.115828651904803,7.240410597110149
243,25.058202444239203,11.76619621542768,34.595881578536215,16.03886920829702,23.207253722302994,19.47019123048816,11.079317606696964,10.627422387695315,12.992431894616868,17.202951319787303,7.39096603740321
244,24.829104543043147,11.810022444385352,35.333722721785556,16.01345821947896,22.685311635124453,19.756849134999907,10.91106373668587,10.401809955261589,12.956792275103245,17.48777040962326,7.168414365575709
245,25.479004455701123,11.609253440161364,34.96142279048792,16.185662716558877,22.599572809981577,19.782187816138126,10.708729882823581,10.543898672822609,13.038935907708284,17.476262241511296,6.77239183933495
246,25.133493751999584,11.773247581385505,35.898849764254244,16.20266488761085,22.27981474186703,19.15407799802069,10.88873571383783,10.797997913105117,13.058248734094763,17.636176937868704,6.710302967877256
247,25.370263443009375,11.638728050861731,36.045043804543376,16.370495095955153,21.465283523671427,19.055722028031663,10.847475313859096,10.42026228540054,12.488350170755302,17.455201291536262,6.783491040768142
248,25.779263763397598,11.667409871384022,37.57679541362083,16.06426034960943,21.431672239357155,18.732791145564587,10.791104288125714,10.486707097157861,12.428129862362715,17.386991401910315,6.947001042279403
249,25.318410762976743,12.280618405788664,37.06655521357055,16.111188267904726,21.381400988876948,19.559623416183147,10.368008111698694,10.381112904836815,12.21538865233023,17.315794858898965,6.881659223305582
250,25.300934254567686,12.257306371031094,38.38038371929301,15.654672761207065,22.040396384025758,19.48651576876373,10.50144990868429,10.363819591246402,12.255354702757106,17.05940186621823,6.823989090215544
251,23.724682818142668,12.542574028591947,38.53692336505914,15.61254437026605,22.32215638602246,19.530158398672278,10.245188880235789,10.435752024761028,13.006254406928157,16.999432527665554,6.981998408092737
