Day,Pepsi,MUG,Slice,AMP,IZZE,Mirinda,Fiesta,Gatorade,Lipton,Tropicana,Starbucks
0,14.77,11.36,11.9,12.52,10.52,13.58,12.52,12.03,12.79,11.54,12.53
1,14.508811205138452,11.131246841174418,11.76576697854935,12.344131766601995,10.383442954277667,13.307296327839655,12.661943028657458,12.040253758250751,12.664524756571918,11.625260071450667,12.145782307782593
2,14.300317299766846,11.076772464393004,11.947156188668181,12.334472346383915,10.283055709768407,13.81275481768295,12.676079850674641,12.103036699513886,12.49309774370274,11.552722896623216,12.02499584961018
3,14.661716542199962,10.805337286244477,12.069756441340727,12.77807660478572,10.217001887928243,14.157028245835075,13.116376598790682,12.432610421741918,12.500205371985786,11.767819163953678,11.954628581803131
4,14.98878376926532,11.165559043577838,11.838334937172348,12.617800416258003,10.303659980050348,14.325644400296198,12.95721004947855,12.10719396650771,12.229925638664962,11.882108754089703,11.89149583328132
5,15.176089431591882,10.85229579232348,11.864145555898952,13.082487083875547,10.411578939758904,14.263725828630596,13.010911511144453,11.393726635896325,11.96582991864797,11.982498431062492,11.832170451688674
6,14.851651345153932,10.75877053266615,12.046086724345638,13.267885125972935,10.29241496721937,13.995403715392445,12.822260349028442,11.431734694213313,12.128138650434682,12.128954907189621,11.815537690300143
7,14.76145043417548,10.78850937304991,11.652759122257825,13.118377109389337,10.287018780734147,13.894358985494183,12.491221399233721,11.846788166339127,11.851306263065624,12.638375519337306,11.927334949703482
8,15.127544583892018,11.105634702663096,11.782335619088368,13.284250851869677,10.736947831305287,14.20303958548497,12.342326540735936,12.139796836231737,12.008924227068059,12.355873305045645,12.135702567064728
9,15.174065529838924,10.792817765301658,11.629444388021899,13.544048536893522,11.11398685074076,14.751515427757681,12.336194836257793,12.186582751284613,12.119159125167057,12.473614725108206,11.976962348624461
10,15.898273791228547,11.048444955221974,11.765169189520739,13.712397903875999,11.210978616383231,15.216932440304353,12.23371146486502,12.063160017915218,11.706651433186856,12.244776003772722,11.690184459804165
11,16.02761358934349,11.052314632761167,11.589151648130873,13.28735509276572,11.219084125523125,15.071866962231256,12.068403614718266,12.255219978799303,11.547761400817441,12.38171860695897,11.44710932954446
12,16.093094337067836,10.839048613146495,11.180409040584225,13.09443128318309,11.245629465614673,14.741042903541835,11.736553778398562,12.014741765536057,11.825515203299263,12.156436434363266,11.33416653261747
13,15.997686499521986,10.941280297185886,10.824406474171951,13.028687104398642,11.384042423195334,14.785566341746268,11.719919600469348,12.125550829212798,11.594396326373074,12.055522690456552,11.252742715857645
14,16.044259572669155,10.986525164667615,10.836893530218617,13.008225789700287,11.153121375347679,14.27458617535551,11.375242987420283,12.244509121474866,11.485892407450386,11.984719936637617,11.078879477399402
15,15.999187190019946,10.857007490000736,10.895415107093175,13.1696152965957,11.095443611822555,14.369993031780524,11.552296575847507,12.502581375213474,11.591203219422477,12.221054741555806,10.793528959617852
16,16.231215718121394,10.873757185341079,10.702174808663516,13.215406091123132,10.73087954379336,14.330473139249584,11.574181208230643,13.20745796139076,11.772896605809429,12.447761159559807,10.693680280942718
17,16.548682992227093,10.79185346293662,10.841811138271284,12.866066509172109,10.816498992873507,14.200335965779939,11.244393389585163,13.30690827825144,11.71247986322101,12.141603503791943,10.730713420829082
18,16.294423332177733,10.817956704005443,10.489459523736873,12.963195822282392,10.957007855843615,13.75730090056581,11.17779551366483,13.16757516342936,11.572023740973442,12.155089512963917,10.857316707170002
19,15.870062199102243,10.963762852150492,10.477609379245157,13.121379450557912,10.8512271591205,13.902097877003731,11.013589819948526,13.15628021756704,11.904584168950546,11.983944594909678,10.735106090675146
20,15.301433806226335,11.318758670233663,10.22884278995708,13.268007420693625,11.197836362803168,13.757495922891582,11.086822580501527,12.694528107452072,12.32447666513855,11.686205555446977,10.644974777894452
21,15.46133751309075,11.04359500650368,10.098288663597408,13.556799739806877,10.92624759885312,13.441992722133795,11.390846185044191,12.515027392431218,12.566695913058531,11.635726333770759,10.447707059686955
22,15.127456624764852,11.526593152174629,10.109799305674239,13.783657382476516,10.610489637223864,12.69408888634563,10.974236910589525,12.408699487786746,12.586718997227397,11.564291070445707,10.439350023491684
23,14.493348076427113,11.086859537691948,9.939216081856582,13.90966881757209,10.657829679900324,12.689618779136216,11.002194554603474,12.275057568834827,12.383471130588834,12.139538286935784,10.261944261637712
24,14.609873297097545,11.054862799564534,9.864952059079013,13.88900937402814,10.882972762697149,13.150073755631702,10.969688864377794,12.308250309224213,12.178102186518057,12.245253317445453,10.378469799059785
25,15.360414825277,11.187334290381292,10.067429128077793,13.434090837313242,11.255317194111367,13.59701994350729,11.120680939666668,12.103258683793307,12.30462776430348,11.912609442845907,10.012603908899372
26,15.362177875749355,11.25201960094404,9.953843666816157,13.548893525174037,11.152075653855068,13.47595271943514,11.170923255817591,12.373395899061714,12.406606479284267,11.778942514813759,9.939141693896861
27,15.62566121394278,11.114373338621856,10.123544555809817,13.60415949847522,11.394854811704205,13.317256441913525,11.006859699788835,12.369158422837215,12.757850370538716,12.022170647688883,9.99746325636834
28,15.65495202201041,11.069817325667815,9.899269396536596,13.677116674640537,11.385657149480037,13.445362505029127,10.93951450805069,12.362571459511164,12.923424450748264,12.535100926611545,10.032568472509494
29,15.627711045422837,10.962800291720066,10.006634047028003,13.331185986274948,11.34599183375174,13.182163131568192,10.769356183653901,12.27750733394989,12.53927378759568,12.143870361497004,10.58593139741114
30,15.921388717568648,10.835913901843966,10.3013081111032,13.044960922853534,11.547863073553623,13.264596531612687,11.00630910084156,12.311404935453835,12.804418267230254,11.695889863382783,10.658422928048205
31,15.832964180854784,11.023215450981219,9.806341187204149,13.32153544965375,11.699072074755462,13.472064860047155,11.013686266908362,12.511914644855107,12.549926264632456,12.141972094416708,10.444734170992898
32,15.921623342454762,11.103822050269123,9.653133419491423,13.309895508438808,11.335556203688384,13.809476116765385,11.443322003699379,12.292534058044001,12.452495929450356,12.237095223220196,10.423024265340972
33,16.028177876383545,10.952598234532186,9.767057562000202,13.4914310664926,11.674860162845034,13.784572683620723,11.43223414526889,12.12759087595221,12.513534236507793,12.026559605310895,10.057522636734262
34,15.819172787956498,11.153063696235076,9.72933530942049,13.497953319694993,12.001148094418266,13.73125560825367,11.274151146013637,12.049966830121061,13.021604485630748,12.155983464551984,10.039601798907283
35,16.139984612026335,11.223454555510646,9.803698730043948,13.504867056472929,11.851491591767333,13.494917176225234,10.940616167425189,11.7258736362354,13.855661850621551,11.531910152209374,9.872024039722985
36,16.08740559649968,11.409068384899996,9.68783786312594,13.759545090480692,11.945235186709045,13.276208479751986,10.555669762807916,11.531310620030514,14.023214324976909,11.532820502174639,10.05270024229229
37,15.849817595138463,11.555327802219901,9.706485827805494,13.6171336834843,12.063395956708192,13.218827176501525,10.228973415160732,11.418044034389428,13.970331527232345,11.608815649963189,9.941113586004066
38,16.024589390352194,11.36697516397501,9.678161905834886,13.642203651720395,12.125999690109857,13.318945829026694,10.286275871084593,11.615449100755242,14.11886337935414,11.825540134465745,9.916224938268739
39,15.742927396905262,11.24197048084491,9.90875665527609,13.515533370385963,11.992823697406289,13.567229749253944,10.394001667718689,11.672557698582917,14.370112867084867,11.588290170473483,9.789297654854849
40,15.755523841444706,11.412914153161607,9.961209816965532,13.397480566438304,11.832365846160297,13.353677619194581,10.072902247640059,11.713777610240749,14.276615459649273,11.608299216438269,10.133991936416802
41,15.75637167755375,11.554771445378941,10.030614066927617,13.31378789079652,11.82587858118395,13.76107136936549,10.257338989190448,11.910698324521,14.796828356882617,11.395553415552977,10.067365234529607
42,16.106113754474244,11.551623105909291,9.950228561346504,13.371957758142697,12.106076023746366,13.689365819098406,10.161194832044652,11.873902358436206,14.863372826631842,11.454038001647527,10.441400696242763
43,16.26359364935069,11.580446476382152,9.855548888577482,13.243432769472374,12.237954499301656,13.68622788280242,10.193555496862405,11.962844360203576,15.01035900575177,11.250885468367962,10.610990954564167
44,16.259294957734898,11.881907309024191,9.772523367677461,13.579127408254534,12.147125131208776,13.485889611217436,10.530164295833789,11.934035470065846,15.209873091126893,11.159556830552281,10.711953338834455
45,16.53131166247569,11.743864628941427,9.851807991646304,13.33722063729658,12.335597250141666,12.850172236576988,10.723359840649822,11.993382287201959,15.336907967342583,10.939623334872396,10.789392621159474
46,17.00141541954264,11.874798916280193,9.77107547450824,13.286363257570883,11.652036623576006,13.08198663677476,10.668523969068145,11.850299977097674,15.594631700214187,11.083145375896407,10.872840735204285
47,17.19620976724577,11.828597153807113,9.829747768823836,13.16893334838807,11.922399752358801,13.278832037821534,10.482609920354186,11.282244107142944,15.401538142354473,11.275203912925324,10.459839601111884
48,17.203833554138498,11.778925815392329,10.248307075441195,13.554478801047624,11.51427251333967,13.206943781293631,10.043495264435863,11.248085338594308,15.228780066546015,11.222548213390054,10.399877503444696
49,16.76228975365721,12.042391476421093,10.430417122012026,13.606737567518758,11.430682665755272,13.227270493007673,9.902486930808111,11.568735200764893,14.895656980410722,11.231262407415333,10.57534933485196
50,16.41286737256071,12.244622959622502,10.364609063410763,13.889302265150421,11.177138318262136,13.367114174751453,9.863165241167993,11.780950463481055,15.025450022250583,10.910665276139616,10.563201304530319
51,16.31683373655179,12.447286098411066,10.618656961978498,13.481584829590783,10.89102992463095,12.958406169231438,9.672698741559232,12.006463652700456,15.259616216382721,10.845591371013029,10.268707465523214
52,16.12294263324349,12.778418778439573,10.534359787537513,13.552657116130062,11.146423790170934,12.824555662827725,9.649692259507896,12.302728785707215,15.398206590896077,10.834830687155353,10.256192229041103
53,16.06655898716209,12.785648304626287,10.115521463265482,13.79480667624812,11.042233749802191,13.032485605009231,9.666892197469764,12.320290968774671,15.920802866448561,11.418025590533189,10.609950899279593
54,16.088572209271085,12.963113469494388,9.915513339189882,13.816379735879197,11.118607955111273,12.712139968206646,9.625863223459648,12.364719588842757,15.917201891165309,11.167026648699864,10.876002216601007
55,16.263759108093563,12.884796978954036,9.553197682430534,14.112788689648612,11.10776432115325,12.789527778630712,9.50385323080083,12.208684201709735,16.12967836493842,11.499003278598293,10.860661473555707
56,16.244680149715517,12.97049209274554,9.488085966064919,13.966373798425343,11.213829971168664,12.4496580032589,9.538289985370666,12.127546004587945,15.779516083834432,11.730695627949663,11.067410277952574
57,16.4073877035423,12.938658348156894,9.493397038769267,14.36445094725484,11.230653280803557,12.568828847329204,9.625317292569548,12.273569765822636,15.656033482995106,11.796856773835207,10.984697960289978
58,16.432439212090063,12.96566933920684,9.818972590803035,15.039068548552303,10.945733679864645,12.562360903434493,9.419977245819203,12.568317622419709,15.873528351232823,12.219303545843092,10.614854090884059
59,15.799593961268611,13.122833243006632,9.885275021195328,14.929088620185638,11.165601584484714,12.16545736489941,9.691945019685374,12.528970224897911,16.143550090528283,12.310720857422044,10.418609698411526
60,15.509205077968968,12.911712158827886,9.843934766973284,14.795431757903993,11.055469690651593,12.45464262045627,9.67521225391241,12.412364697423566,16.047081098740076,12.407053104452187,10.747572853008498
61,15.468228762047927,13.465462689678809,10.010503137464193,15.23054742375314,10.716196931183305,12.275430180780297,9.681220509638315,12.408193509708909,16.022287140617223,12.39402033390565,10.68700649999585
62,15.102049432680168,13.199160964147813,9.579289147065412,15.71807784974334,10.62443665038162,12.08050220424646,9.821718205152687,12.553939109848525,15.54142343114959,12.701205768804153,10.633288976222323
63,15.287954392415749,12.884370862706708,9.626376825216646,15.553275463349868,10.947756558218206,12.131462008660472,9.870042991241691,12.192374637763914,15.429080438366777,12.982960210448757,10.567902667920098
64,15.766957154396101,13.188203517121547,9.777809277432224,15.421836709671233,11.135093039362397,12.415840117841586,10.062450780832528,11.641082554070765,15.704502370864935,12.821656142771163,10.976236967136497
65,16.15981909379003,13.400627507415528,9.494711618515106,15.33389493607885,11.057304830994807,12.168549886202156,10.12286821557553,11.509618041411638,15.884396275723278,12.487924184568058,11.337098598570604
66,16.0947831478265,13.570922534555997,9.716265053097475,14.925836066662217,10.97992705713735,12.185983981737758,10.002070346804064,11.228128713642716,16.042417207038294,12.437472954321619,11.849487126202812
67,16.58578336471662,13.744543224131244,9.784137551205891,14.652890049750246,10.909115874246718,12.293379465003019,10.077104670094672,11.110744925955323,16.056559823279642,12.240187373248153,11.809830210818042
68,16.639101611300816,13.743176924360554,9.705065220466276,14.360361337380322,11.371342615085437,12.46744778041733,9.851613724374252,11.074114727245103,16.056992994295257,12.224785904925321,11.87782616657234
69,16.53120679109417,13.50071859989787,9.830549297581092,14.140354447356435,11.458109819915972,12.51399973395532,9.875434159012947,10.970378134381296,15.844520753334397,12.531252369362706,11.520972095752676
70,16.333497370587637,13.523170243903344,10.289252538051414,14.129375257124359,11.55665267252857,12.424937412825177,9.871279546390014,11.289819919340614,16.065691402409957,12.417305556553917,11.864328520308154
71,16.23882287817811,13.343199018229472,10.328721097363452,14.194537802604664,11.79681518965671,12.223396065875802,9.832674351984945,11.359900519890315,16.199675361512615,12.406816880697729,11.588454205968123
72,16.117046542747868,13.60795756469934,10.382109875104653,14.640390637327153,11.852846452615566,12.246899445902846,9.809820901420748,11.424412084033518,16.358003591522518,12.421364744338447,11.636810096782968
73,16.175892526797337,13.5699679614451,10.28913146638529,14.349772129768345,11.791157303171497,11.989462194088604,9.449774183446623,11.56345799401145,16.184958306271255,12.634080946356216,11.38225858800592
74,16.231757915135066,13.349710413435762,10.117660805004203,14.633851824322846,11.744505792920958,11.311265760884583,9.348913717994522,11.299140082402833,15.500947749593337,12.079039060526581,11.247063966654693
75,16.2365812635003,13.266107834533628,10.289052293182106,14.570145966789728,11.727261575323558,11.412719629555617,9.368573694295105,11.53241992496535,15.84303443192795,11.933493948852673,11.058401288157604
76,16.382959718745056,13.378068039460938,10.116320465651041,14.554530455387177,11.718097042260908,11.623225358010247,9.400865895423864,11.510967086318534,15.690240594381384,11.984164657590323,10.922900000485052
77,16.78173124910176,13.23000935667732,10.132748155187533,14.751070536236414,11.889428692028144,11.088901341614909,9.211862984630866,11.662320633403803,15.42005754364565,12.275423500764097,10.8039047556519
78,17.107520159913534,13.016122758899268,10.038328932183857,14.422336791309972,11.901342923684824,10.86936422123549,9.450333903775986,11.411017943842761,15.633630457381141,12.155388310066208,10.684251296167512
79,16.61085460235293,13.081618400446725,10.136892524072367,14.53185764196136,12.076563972591499,11.006977507578782,9.29029574580136,11.05803743197438,15.509765439468714,11.70777239176445,10.861952270489578
80,15.787431379433285,13.147780019046348,10.206716400229809,14.579104641977311,12.056633998686861,11.471634179229135,9.474493951297989,11.2365140612324,15.84025200807038,11.853919658163434,10.622744192732501
81,16.089014820979678,13.017044119185053,10.422719712909045,14.722181357079794,12.075159616736247,11.478679574093933,9.558119832393418,11.317499807482825,16.035100956553638,11.704375737269617,10.667873847870466
82,15.658835813116726,12.896866082693126,10.318918120806861,14.806342223603945,11.601670208100348,11.315001379592015,9.437681071699947,11.11129863393477,16.25397070310301,11.429307181335174,10.929051680587351
83,15.592284815374846,12.95874519785702,10.26533474938027,15.550278878591028,11.815807945906863,11.275921002600404,9.781181926961908,10.915923090777866,15.814129774961737,11.287606824810169,10.815596141109513
84,15.23522466182871,12.590652858874307,10.068267280744987,15.35192273003964,11.897528953039744,11.592579452543179,9.55277225702799,11.160542716629024,16.200278345994494,11.246155131077966,10.659583782613641
85,14.699400938648754,12.242958438678158,9.981106913662117,15.188487487737575,12.136938808915136,11.44604210667435,9.732378281781221,10.894408563246616,16.28328544464073,11.111080341570004,10.608732175359648
86,14.862959607696366,12.07005497487448,10.058632744260349,14.999125218099854,11.453451842372978,11.266776449469958,9.931522106459717,11.254369735495644,16.161620400164484,10.631730220758948,10.860154356529673
87,15.093911931917978,12.020387548331335,10.214029901777831,14.832182164516809,11.941518963884821,11.160731290218177,9.801595271980753,11.049634967556866,16.206182479735755,10.824322651574146,10.900528254330986
88,14.924400062683064,12.097125297609768,10.029293766303288,14.64308924741984,11.907782647985773,10.952119571198127,10.080856918734172,11.187740321854854,15.638781355166259,11.103991393964845,10.783482198476825
89,14.174049692867154,12.461208435074045,10.20720194175133,14.994234843310853,12.174194582397107,10.981197666576032,10.033014950159,11.110599120905851,15.765319892942042,11.249756647950473,10.886479884372553
90,14.023354352582809,12.678646622717924,10.48973897766139,15.425050146652096,11.923163986302523,11.346123816597114,10.093572469934841,11.241548596072887,15.442305729371217,10.996798800259155,10.647279038624646
91,14.137012787054843,12.639994622693473,10.578857938580885,15.248709054261441,12.069736528855463,11.421937545814469,10.148735114383221,11.11602391985134,15.028421527910565,10.95269790768748,10.791514510282218
92,13.728230560255499,12.637027095952439,10.985592368911485,14.99571791793345,11.81766636786389,11.366686921137442,10.123978440571147,11.076050214499194,14.576078227615662,10.951394639009019,10.878200683554214
93,13.781921903577478,12.387973209196113,10.81895927783724,15.136513715607196,11.670716593066363,11.302780386982214,10.291997876878838,11.081276206417174,14.90238383628342,11.083462459067796,10.809585117525891
94,13.780957113132747,12.385189462415783,10.554984658088705,14.96901567674893,12.125687580379585,10.957049361820378,10.45918220043887,10.857612425236283,14.714326861436302,11.232735943293857,10.627979583305825
95,13.944842690804053,12.315685718479072,10.188045884598077,15.158448479707165,12.079081580683827,11.154503494844175,10.10220222465836,11.01586228768537,15.170942248615576,11.069131847476955,10.439378602500957
96,13.981535107380655,12.39723676944133,10.499495256732638,15.218829510029913,12.131270838137493,11.13935873368238,10.371732289998056,10.899591617341022,15.0075227055176,11.087425844982885,10.54983244710861
97,13.715304825312975,12.195591226403325,10.63984308807084,14.763169248085953,12.343757959704442,11.101421525812505,10.034990406755835,10.846111810275497,14.50205181968127,11.189420079730413,10.81050297757091
98,14.05080894586152,12.324719556544126,10.630054093721961,15.225970741017305,12.46627267151911,11.835854152547995,10.246874783064635,10.628860639316677,14.180182194375652,11.520137271522698,10.671755473113832
99,14.009638672846815,12.710231101741563,10.691787161446042,15.781479628379858,12.503365600827001,11.909144680005243,10.48295570595836,10.094388377566336,14.533369008452016,11.683739986806302,10.768194994835264
100,14.005297754083745,12.684459573374868,10.455805233395523,15.587951181169535,12.594494107362905,11.733744544683548,10.25920296559475,10.052410347695137,14.48646937352711,11.869720870650832,10.326205758652176
101,13.74955555526309,12.7886408943625,10.982066526102523,15.466264635509582,13.214182983630268,11.636419397212423,10.177736888441412,10.545698831611276,14.326844790224865,11.889773417303118,10.204421730480261
102,13.631414868527655,12.968271890052097,11.012591371652594,15.553651543833478,13.198471295609922,11.909147383050392,9.957563299082816,10.708775036031437,14.371126856070168,12.230089471593098,10.196336836546433
103,13.39547792857048,12.866497818653142,11.038822993972447,15.656740469828366,13.251167470715007,11.938521775804606,9.917270992597194,10.700940426536159,14.514417754239306,12.330870932371509,10.010789138184688
104,13.352377398315458,12.92617387421132,11.20236585305724,15.863000152550075,13.532056336761611,11.602293935247438,9.858764985377805,10.64113493113808,14.840741071015186,12.120468321452197,9.823346703435318
105,13.820663279201508,12.931311392200893,11.312817960128811,16.512380059429457,13.834072895443343,11.819911274117455,10.016141342264588,10.642227312363339,15.275219468473093,12.46561991578108,9.691360799572788
106,13.449783092402894,12.958483314392735,11.36576008115773,16.45268052904524,14.16590289108729,11.66532444996774,10.284602875505337,10.755588839378014,15.163969922110972,12.640980314959828,9.746490538358824
107,13.025747055164807,12.761540302555252,11.189625822134982,16.19073915239684,14.34749185557842,12.113066788662225,10.57830701448843,10.500917019484163,14.765405445291472,12.529608086718676,9.70837841188063
108,13.417871850163841,12.769655741377697,11.297796293313043,15.748891618098284,14.022703739395869,12.380019301866616,10.462587982341162,10.733850605345967,14.64213579857218,12.410167045065771,9.281778835166424
109,13.36497201165981,12.89935359151075,11.733399304158135,15.519050611170854,14.487830324628694,12.272187015317845,10.421439943500728,10.884756404277198,14.716873758241622,12.48413950589216,8.894808408308394
110,13.190435599167884,13.281148143398305,12.055717822106553,15.50748412004422,14.158919344534256,12.593161218457732,10.078861026058048,11.038402874903127,14.434270081459408,12.600470110240426,8.7859956416759
111,13.470825533459715,13.540382777682366,12.448423969219643,16.07283955868639,14.244347250629053,12.612761408611059,9.9201363980556,11.131770323619081,14.158964285907759,12.650432413592732,8.865269616441147
112,13.311790616752624,14.138275728108363,12.324152447740458,15.90598716964375,14.030552784474562,12.832264717071755,10.115890589823104,11.132278684073652,14.255024112238011,12.729587388598528,8.389826385385046
113,13.810187435719234,13.924979069650803,12.084940519966311,15.976011266256497,14.012043267919816,12.959841124578027,10.450637477551881,11.279190010419732,14.239532581480738,13.16997444798676,8.304967212457708
114,14.00201499811651,14.172113833869645,12.056881696027151,15.969438401583167,14.103952935405037,12.744838856465385,10.198287471802681,11.409530922166248,14.24724757326353,13.455418228567783,8.216607487217862
115,13.86932004937632,14.226246209975885,12.072635087266429,16.352186407325153,14.19436307289858,12.584343886622417,10.080615634341946,11.325100789078713,14.031145579180794,13.506972148857889,8.4465049162002
116,14.484245836799763,14.865307845848768,12.342102648059566,17.198414761105305,14.314113389269055,12.84880491461764,10.077750066078602,11.192040644265122,13.965042502556134,13.763823269305288,8.38027618522275
117,14.313218154171889,14.62905652340027,11.93360467175387,17.01536554550226,14.783074225304915,12.765591571446416,10.136847604511518,11.21097633326661,13.70770788955461,13.482662465865923,8.443266187085419
118,14.530669515695312,14.387514915493158,12.306660093116841,16.848219018371758,14.91721992924961,12.665458929380792,9.976464827048304,11.55972488984352,13.952350334096673,13.590548227486547,8.46570195861313
119,14.62136180597193,14.218138116297196,12.270176790155121,17.202334904974723,14.844000539675239,12.428275543648967,10.063890627849737,11.272862135011762,14.242617150947444,14.091504857295003,8.111154221689405
120,15.010569901280249,13.628812132672874,12.168191388131074,17.437096282733222,15.132431008116775,12.536498115060315,9.971398598420487,10.943012058173135,13.724748113318954,14.030347106092908,8.235325543663231
121,15.490408523360863,13.488217335053465,11.92663857723485,18.091659047694012,15.496160228348096,13.067037432421511,9.970947543494903,10.975325693883711,13.470419482367339,13.7946575629035,8.26946153355131
122,15.503988306128461,13.286910596258803,11.54056867992642,18.302662151961584,15.119764215189955,12.793538894395173,10.082942285057875,10.982693568310713,13.071721869700797,13.616074385138281,8.352520422497555
123,15.275727548942386,13.328875665548697,11.734382278352582,18.17010448160071,15.300927453851513,12.802273264944088,10.086696408633983,11.017014918509574,12.901408567570082,13.322706067631525,9.03329021427909
124,15.420545864839823,13.422245303410293,11.753849290142599,18.384495648616973,15.516431605190043,13.17162981684821,10.00148378055756,11.067061737445584,12.878425270327382,13.115385321724679,8.663016421682496
125,15.216534769353723,13.937490510816074,11.45667816927044,18.795147138896816,15.423787531300261,13.153271720814486,9.982015995576305,11.013949150508713,12.508973433917383,13.018706174930097,8.965514389560392
126,15.845516439251137,14.20702227751837,11.16587741997385,19.104526597542822,15.853459880705945,13.275444610761092,9.966820474443455,11.34314022930558,12.27905271776093,12.657973691035647,8.912591961803221
127,15.892598264918185,14.04608655051757,11.093263286712057,19.297735059855498,15.805363120311192,12.998920084375671,9.895748423759228,10.981899636367352,12.033583264284074,12.66207294642065,8.962419764231857
128,15.780630059716888,13.797964068812377,11.472004562529241,19.712208818882306,15.84451709968145,13.11334640035428,9.847061649885205,10.797685684894653,12.082189272020669,12.892788386016905,8.952730593683192
129,15.842766738256227,13.936411635988133,11.414780978539824,20.176953656363487,15.789177647910755,13.066944631208443,10.169467552380533,10.77167561593316,12.097574866274964,12.660974901280264,8.875568811833105
130,15.425264291853884,13.57521653821685,11.078845417226193,20.740766862726222,15.79350838609572,13.32975062015634,10.286702610134014,10.419818502340647,11.922840991583318,13.051740900593023,8.77348704222216
131,15.131983454281212,14.083734023022966,11.02663653076363,21.009870000035104,15.450419558969621,13.652794720729606,10.228585039668628,10.379636555634953,11.963712417849761,13.185909503033091,8.829982950785977
132,15.503333758304443,14.422000343223878,10.968753230469586,20.938025715798158,15.011218295033968,14.381369873922242,10.37468965831994,10.72662104591253,11.832266109088277,13.460666469892065,8.56460644305027
133,15.304599235846364,14.28938355868481,10.394783776979311,20.997809950086513,15.497063832834712,14.551940739788488,10.308167817222918,10.727383339933727,11.766809663008424,13.284880384048408,8.692654303327432
134,14.991020038012797,13.810092787866852,10.385488146507035,21.508867154604705,15.23619756535466,14.64997150588302,10.555455921695627,10.77325866821689,12.165907636736488,13.514031397366033,8.619120242141282
135,15.156365416613701,14.191208562810532,10.339608530811683,21.158538061164187,14.93651424009416,14.709950532214883,10.636372853743602,10.501488955979946,12.495049417662717,13.222253205058102,8.425056681906002
136,15.523746390959651,14.160797176914944,10.486590796995035,21.31335631894611,14.306352932337504,14.609309187730155,10.616159222128825,10.369234052102266,12.173075769781697,13.459936918294174,8.348137986001785
137,15.752296016691327,14.51785446753529,10.883716074306582,21.144590607892123,14.12416459161059,14.71145898978709,10.714258701387964,10.28814810552569,12.375354709829976,13.50642979227256,8.55922864110558
138,16.073039091026686,14.064251244710835,11.1338528427244,21.15499310826662,13.754802036007097,14.627696910647922,10.38540785217748,10.219438017279085,12.576382079187441,13.656864731397377,8.466624827930753
139,15.835330739455282,13.898684960720766,11.076256209910225,21.701078245220586,14.213482301290341,14.679971694661242,10.156462373186738,10.481143693235833,12.289448704753296,13.339663861718297,8.526079029658701
140,15.395011733249568,13.902165596665467,10.835897413123364,21.782369014594373,14.502919593705162,15.074945705449016,9.919232003501493,10.595029314287242,12.490924398798755,13.103139711498256,8.400901600381605
141,15.868030218828402,13.91725952064732,11.410373423882836,21.80079779262151,14.304149073918548,14.77743544011463,9.950055914644707,10.358517547428983,12.879626028052055,13.260741020035155,8.52775417943823
142,15.769678291538419,13.794555376631797,11.426080411718624,21.214107207241888,14.962708759762487,15.121189697776346,10.30338292086745,10.406104047499994,12.5922494707848,13.011744016609217,8.643994203810921
143,15.694471724462854,13.969501637171726,11.431449919024862,21.53131567399024,15.258839880243677,15.527885125671231,10.776222565169821,10.506670381809883,12.361875267489634,13.132996629514379,8.968025383280827
144,16.120771636432153,13.676371202977247,11.428120838075047,21.809268813911686,15.159464227378235,15.494330342493368,10.917280755363912,10.745280597835652,12.61461553498888,12.778915195977099,8.93505950820355
145,16.304960633594284,13.639466628588053,11.475679747917997,22.77166730674597,14.419761479312713,14.853494685398207,11.029876354261553,11.086529259282269,12.68184857831582,12.997687736618918,9.053799249899784
146,16.458191894755608,13.674311293889437,11.444783324575237,22.63004592236721,15.095264854915936,14.676929297826295,10.642232444251865,10.85995575731467,12.821032226092777,12.681350346006878,9.070019358382476
147,17.190545941742155,13.817740155542714,11.3163888907376,22.727563701480193,14.680973360608213,15.065612238910548,10.529918766391312,10.681555016130021,12.907189267929397,12.822351574616697,9.306568168178687
148,16.9747238288068,14.017844238490719,11.195434693693544,22.83930770986506,14.205184703534343,15.061706744071966,10.367840401411064,10.412637366319236,13.006953465505466,12.983949126978173,9.17215559698394
149,17.296746099178204,13.70805736043686,11.190243149428644,23.56939602484797,14.498150553269529,14.766595901710565,10.242396277072373,10.360423724060139,12.664975742634523,12.804413347552801,9.308249098854805
150,17.320570649714405,13.295784483359961,11.071397644850917,23.52256406862318,15.222564110212339,14.621165825604164,10.210499328618205,10.453884552226025,12.931580708676378,12.95448246035259,9.270484396228419
151,17.417977910811864,13.641902048924232,10.9167610193913,23.65223270251577,15.649311635575387,14.872006518768675,10.117013734504885,10.658670160015632,13.236126545205103,13.022285226754464,9.257003871201487
152,17.962898658533444,13.73487052897214,10.9421155851245,23.939561876955054,15.826215598310828,15.038498132831243,9.726716211315948,10.638802954931043,13.17403504134375,12.882846907907046,9.272416835438362
153,18.15055884680663,13.53276370409275,10.888539921217777,24.027080152228706,16.014996005508788,14.969771112984025,9.875711538788497,10.567300305282501,13.161080473689045,12.62573339748943,9.317715128465554
154,18.351355899499822,13.961202736644658,11.223187499762135,23.811527544274664,16.290082897863183,14.8632915024928,9.66844327752055,10.595748644513996,12.762709385010945,12.139880949322768,9.294487024445573
155,18.753676252054444,13.995575809125057,10.645675917410946,23.902153661947462,16.53861169642942,14.750211886363578,9.717185885169881,10.416627470715355,12.893178834922107,12.225212389935352,9.332885763154588
156,18.621688240405494,14.331683754818236,10.882708654926233,24.41891785050144,16.63126312781733,14.483460444906182,10.131217731860536,10.857406050852926,13.040048321804468,11.848671857501865,9.63050051472346
157,18.316072132102835,14.353138469481308,11.159466036787679,23.920714523668476,16.665337004303208,14.961989451572856,9.949055670491177,10.510213989617082,13.022350573660297,11.871423128596089,9.820507135215678
158,17.94154439466578,14.959239104799797,10.708218632088352,23.982422013378514,16.64386596347233,14.868793702594417,9.460409770508338,10.545462685044287,13.316980331609034,11.809172482981593,9.990997398922048
159,17.253723897125223,15.49599262123869,10.637112114929318,23.64698640240309,16.39415899966577,15.238207114674708,9.408743564103535,10.977208270551674,13.22678720841481,11.970805884447293,9.898687853608964
160,17.98230702343507,15.421269467320021,10.560403101906108,24.216968543451344,16.301779570585786,15.712087431369804,9.620559523931188,10.974895948126841,13.375463415237174,11.898845293335953,9.722530880002891
161,17.5940425718932,15.726145309411583,10.26923419813432,23.488402324366344,15.75846700347967,16.032126725750576,10.007283562939412,10.929472405814542,13.103958597337996,11.820837146894847,9.908376849495566
162,17.520497347408483,15.932764930936214,10.112652459608485,23.225371880597663,15.726916678070493,15.897475426392111,9.76657656416295,10.84785598746617,13.096290718204951,11.99527325456144,10.081782204867677
163,17.427883036513244,16.377293476746704,9.892402910845142,23.399308871831487,15.418445108098025,16.02953591944071,9.866486336497708,10.805042845772387,13.04921094502346,12.07606344802755,10.381361532777891
164,17.53950422980755,16.066604867509135,10.247192101847558,24.141537859485663,15.081297610545647,16.024955062014907,9.777476226323614,11.101977639209116,13.106647453270527,12.152802645597697,10.254954933289088
165,17.832215056441566,16.290945113854892,10.442756004591399,24.10781029585858,15.135091030315172,15.74103908827557,9.759159096956951,10.617879795241517,13.008652544318652,12.26753809054197,10.206232827905346
166,18.146039297894784,16.641897353096688,10.713781171645666,23.839618236704574,15.56179184736498,15.84662489795798,10.291691457249035,10.944766103847277,12.97300913528873,11.896646814081672,9.87530783440425
167,17.939894180680277,16.06903593896783,10.871618130457772,24.75157002305322,15.849653964504887,15.480386520451603,9.989367906485214,10.633778132532633,13.187608470850373,12.078219415363161,9.796416276375146
168,17.8842549548547,15.695507739262403,10.630909567425098,24.043040939393276,15.35898005409746,15.85564391456416,10.042638924255858,10.573552515979664,13.071418673681233,12.227219666649031,9.9919184808981
169,17.989864280793363,15.070443181605084,10.521981946723708,23.00672190337169,15.057412979740539,15.712102404214834,10.139488912105906,10.479534736859074,12.656643286236772,11.981243109484776,9.897431491710869
170,17.904836497460913,14.99164142612124,10.62750356671097,23.20815374101727,15.342833885082223,15.778567905460987,10.36461011627237,10.599943610060597,13.105862257248619,11.923034147251359,10.023310652533509
171,18.494140898565053,15.210548637377004,10.37287264451025,22.974376718140046,15.043732149022883,15.871362905195745,10.387473430695755,10.262941839028967,13.471474184918954,11.913800744945872,9.983482275244466
172,18.681050414230686,15.676798884493124,10.523861529278994,22.508023265227237,14.975738219948243,15.792519932810205,10.454216843155995,10.3546564206011,13.126261089939941,11.881932243921216,10.046674325253939
173,18.962121981921083,15.702332382628457,10.475402978929125,22.82727097356417,15.140831212585177,15.982084517428913,10.375178396916718,10.778741773268482,13.307060476913607,11.961672446456065,9.817008184958025
174,19.21972749595744,16.224575443615585,10.39915712879323,22.9369439416808,14.84986725018999,15.834140489107579,10.433717290436723,10.485210005492457,13.172363705757208,12.309192483324468,9.832066844269328
175,19.680787241200285,15.785165239503156,10.550098485678888,22.6777498950824,14.880640943201874,16.115675639605566,10.364873831015384,10.52141969262665,13.240448635121494,12.578551514853194,9.259546032565044
176,19.75683514109918,15.258679140211312,10.646292392022621,22.102597319120342,14.488326545877861,15.69074333775972,10.49708731947203,10.379439100867085,13.317069476417362,12.252869414040639,9.223417875070282
177,19.255544901451,15.243955059718678,10.571731658301687,22.489785454193186,14.314579640801124,15.733569729364389,10.422317530367431,10.464597746857182,13.253268349586957,12.406406294081851,8.925967969176602
178,19.414670965376988,15.363735084647326,10.821787339613978,22.782260895925525,14.405886078601743,16.358919834376398,10.503780507981078,10.464977502296724,13.045647991160328,12.74071881920432,9.142311377844893
179,19.167920381343205,15.355926589912723,10.592343404867654,22.735228489835652,13.953629735545437,16.0380620120476,10.50019463849165,10.327991197442493,12.865244931189705,12.839812171501611,9.283976507295844
180,18.970818404145074,14.7360692427907,10.7256854056375,23.588642110091133,14.076571672950466,15.82526903907009,10.741971179756028,10.425644416162546,12.630207433478088,13.123200664383527,9.36942706802665
181,19.199138262959536,14.711967841156845,10.855747175168293,23.087251607383536,14.07051879165928,15.991930016090766,10.73355207767471,10.804998766551524,12.420404323700284,13.662277177713989,9.657170003451606
182,19.685203217141343,14.335191170995834,10.790811043039053,22.391625686540365,14.226326235459227,16.052650110790513,10.362128855890033,10.760092305794592,12.402310410760503,13.945043825603294,9.473996982611737
183,19.698231690366143,14.530594760104044,10.863503204386761,22.082066900774542,14.289645123601236,16.168819237231496,10.629572160954265,10.912322174763025,12.224636407573465,14.014910019626903,9.809258861108372
184,19.824959418504662,14.639654356483485,10.59707275433604,22.060111290615897,14.684325509228106,16.33102196280913,10.4413001149723,10.630003266606286,12.391119526299574,14.311092879119323,9.992143399092845
185,20.516351654943062,14.369125277542613,10.796797757275336,22.165893974337337,14.72059876909057,16.54293316529106,10.308178296412109,10.424982671231236,12.76376996649843,14.352787117922409,9.943276456996324
186,20.620247139995318,14.224275002346117,10.759001807111959,22.057375401841494,14.594173089108745,16.917542539274955,10.188587009360754,10.520298320215247,12.61511042670014,14.359814375353805,10.16995275137436
187,21.726730369048475,13.92814016062422,10.64914448902089,22.21138714030998,14.629367226111304,17.060154051596307,10.475097195454413,10.833489524897143,12.674208983976508,14.25940631009494,9.945699685610126
188,21.979049410633625,13.912715518878812,10.87700558816565,21.660520148292477,14.788644008736675,16.981398076534738,10.039537724345989,10.907033087622484,12.800043334731871,14.712485347062975,9.78136019427632
189,21.22353347134283,14.183106563141008,10.726907947078919,22.293240144537915,14.802549916922036,17.214775976262295,10.692364087318015,10.835198892228213,12.919971805947487,14.473788615185754,9.661368747832766
190,21.55081550531484,13.908255443112603,10.430950104786083,22.25479361533034,14.814018939905614,17.885025837471524,10.923263660944441,10.831289839992937,12.938134791012898,14.924409812592964,9.558055891720871
191,21.720858422115533,14.051217329962547,10.113144495864356,22.755805457912555,14.606940478730138,17.841179450543482,10.97481808604287,10.56011672133885,13.130246979357423,15.074533939232307,9.356598032439539
192,22.293703002915787,13.90501277153423,10.23842142559049,22.910418355290737,14.414021373500905,17.500277655108825,10.96544881937535,10.684861977013398,13.255985572997707,14.658672371576268,9.58665473065719
193,22.601224348902377,13.688245520366278,9.981467275560275,23.11874531336543,14.014773182295173,17.895628326234977,11.03094167997919,10.871318227010676,12.930406846801791,14.767023391141228,9.535517225697248
194,22.544049488219894,13.660963553045525,10.339972638024463,23.38175627383772,14.513310619305118,17.85613108483731,11.149230277822818,10.769730767611094,13.155639068407124,14.159806797430306,9.601335019507724
195,22.003936652219824,13.382970858443992,9.920168160222845,23.590101485008095,14.156184617627842,17.100225177734764,11.296789647775384,10.665262692272778,13.389650050586598,14.338224784331626,9.490807489253335
196,21.91731801839019,13.237525072926665,10.26448869028231,23.893312379490617,13.960838594385487,17.395962872734604,11.425806010201985,10.718410611475104,13.185292665771781,14.594505044602442,9.149874861500532
197,21.552738451896218,12.926035987662738,10.309871410975807,24.534949371232567,13.761167662750221,17.214115089459032,11.449086044573262,10.621516682462513,13.193792943247987,14.422787203466617,9.197851474965795
198,21.30898051520298,13.446025996356248,10.291916708489492,24.629526361030507,14.009166177255674,17.186378486489136,11.40676894729947,10.603800774153974,13.373816214909759,14.458634552893287,8.851203100783879
199,21.566396007051704,13.457470673858888,10.182307525740898,24.979188278536583,13.926249540870336,17.304296503142744,11.375083327993826,11.054750770666066,13.31642478384555,15.035083351524829,8.837546420468565
200,22.304102795809435,13.272382943138279,10.265878391222728,24.932327330977156,14.277616390454504,17.37379284144348,11.33359058384336,10.996456547793843,13.603722856133167,14.883941122877104,8.59750078414566
201,22.48616574859173,13.331244997047676,10.260116170452493,25.658747445695692,14.086063125162275,17.625558636194693,11.596347127589429,10.914144615963776,14.260687974548047,14.572207687860939,8.944561070522619
202,21.959916048950433,13.303264959438502,10.491038725719363,25.3118749401643,14.164352594310104,17.47617302381491,11.737690679126667,10.769974423748929,14.036662441759109,15.010663194720715,9.107529343639893
203,22.161289210745927,13.246529884099672,10.517044524874569,26.23801758524583,13.929155386263421,17.659936913633,11.07002634447727,10.92768294324,13.652702327362624,15.611752571411241,9.125248382241557
204,22.703426444232022,13.412196511359335,10.55072420366453,26.214775580183602,14.53921966428816,17.57198345540494,11.218934728244607,10.884373524705557,13.734344051129183,15.613084966583935,9.3572161282145
205,22.433522720447254,13.618922124410949,10.476278347547398,25.47314234098581,14.197423446946262,17.837091644263285,11.265460873130397,10.740203229744576,13.932392509254646,15.932324483109305,9.198588753507574
206,22.378758714854673,13.477150006355714,10.466354949785813,25.53636963621278,14.285136364317546,18.061552980550136,11.263992340232015,11.023985793426691,13.866625531722468,16.365753965910475,9.297524992788222
207,22.390621578958818,13.32477145442294,10.532999047329023,25.188804136459225,14.466820498260278,17.730296722307067,11.179531479814246,11.337534052888346,14.273944890128586,16.124707494925683,9.333154074654344
208,22.04708549135888,13.253601252346828,10.180773246458623,25.61375312969894,14.586499870138544,18.12319470168465,11.436507190058034,11.19831903658335,13.895283110470354,15.96913879793058,9.380958920194198
209,22.34007643434187,12.659101069775613,9.91182506442259,25.279503060083446,14.532003395371145,17.933516988654034,11.658143661508788,10.784244380651987,14.08757952918026,16.367324738292112,9.621090631617303
210,22.291366310842086,12.283023566882392,10.062191815846184,25.052840025318158,14.493780127567831,18.229308767297045,11.48212201948528,10.999940046373814,13.916316805562028,16.92850127658233,9.761402052282763
211,22.484502225447677,12.625279586379694,10.098567298350078,24.121735768327973,14.505944004682892,18.367347801055605,11.578802711138174,10.846587986850523,14.401542155828082,17.120348268396363,9.816249136011606
212,22.094144724471043,13.04945014569582,10.063400541070099,23.90252636803935,14.462818625391893,19.05893996389264,11.358731562315558,11.015643562841772,14.985323913011479,16.82192095777935,9.495043355508688
213,21.906856133741588,12.986505780573879,10.069036785427457,22.76953651907721,14.743781083512436,18.97770855658197,11.052296064706617,10.586373566755352,14.755618107078082,17.50410641333728,9.312872248665094
214,22.23090573427354,13.139033608040569,10.141216105330718,22.057714858129167,15.409658669016402,18.84931956397113,10.917288788751168,10.773322524261841,14.592657196413253,17.319404428691215,9.288452376358311
215,22.07096620367919,13.223003356874871,10.034247249746524,22.393879085091335,15.238228907502569,18.845732938547037,11.109930400421534,10.511846259681207,14.844002958055304,17.203901494226965,9.304219133851436
216,22.8519960009251,14.064883112991257,9.881152063114396,22.746712329026554,14.825874586318417,18.735516836394265,11.326506077181673,10.662910933328279,14.727832099306864,17.322294554612863,9.094705804732921
217,22.675429392060096,14.385462578033161,9.921828746354858,22.93918825630048,14.799167998339463,19.041445618437056,11.44612411438465,10.662258326531468,14.71278043918135,17.869386752016553,9.542491066568953
218,22.782935610810853,14.350794771389447,9.731431778335843,22.497949125521625,15.582177859768063,18.439402862723682,11.61615605711575,10.457137836177177,14.718570802831731,18.177416273976753,9.834641719014389
219,23.217349552574568,14.081192481546559,9.813091185425549,22.474624670174965,15.333147552227114,18.0584601572611,11.739559212686848,10.368759579516553,14.162565731086392,18.329076855403297,9.952083834379222
220,22.573320510617798,13.637953954660109,9.48637819581381,22.47113916213406,15.843542346401273,17.680393584883767,11.5927331073852,10.508422739971746,14.157028675050617,18.499910555943288,9.964724121033495
221,21.797356801060634,13.695556461771924,9.685512829321546,21.954704411282492,16.383564657592718,18.023213494820737,11.696161440494292,10.527051987071102,13.961483864695818,18.516229526387942,9.920820807036915
222,21.147290297670246,13.491905908077428,9.77936383207218,22.622983509223022,16.202565260965976,18.65419265974546,11.887800497459635,10.647125148959935,13.822886265840808,18.724294242987664,9.732062653119424
223,21.693217444232953,13.115443026531231,9.831448387215243,23.021545933500185,16.38738624337272,18.6189529772329,12.071440121432826,11.07258309786264,14.22618097862642,17.800776235485632,9.745484451448835
224,21.46017043323905,12.948817341734777,10.028502860101955,22.918128296294036,16.929243421627252,18.559869571933717,12.3649322163979,10.727822096840173,13.871544371555329,17.695694200410305,9.794173487526384
225,22.592067639482252,12.673573803974195,10.370155855887024,22.928550831677764,16.80073471302748,18.589573117639667,12.544399431473078,11.076637356821962,14.097386031089574,17.781511038055008,9.552291054312082
226,22.343827172593905,13.110420595017667,10.584711948329383,23.022396517179704,16.731843125785577,19.03037714868205,12.635964572096903,11.095932499656197,14.017349999465944,17.377049800834293,9.614699511223602
227,22.43174875077258,13.345586063252135,10.204047389633345,22.099384528788832,16.53770170552065,18.684373490617784,12.912474937541006,10.894480142879495,13.937546129106758,17.512033156346597,9.583247451204343
228,23.139837513082373,13.345400173654173,9.94812551778544,21.988578588673562,16.204844784114286,18.77738100020092,12.908774550319217,10.604763774756115,14.157995409712491,17.440764573099777,9.222894608819256
229,24.092817043253497,13.748313688838598,9.82646258011018,21.68889613880461,15.995179155244081,19.151002325814694,12.686184850635113,10.561066192633826,14.25298347276531,18.064184124598615,9.063993516341244
230,25.112858607592937,13.771607782689072,9.833471927410821,21.256973007951608,15.607806962266666,19.347728717918965,12.647961609257582,10.7538149852303,14.414926403686586,18.641737591370074,8.987783525213072
231,25.733239582031217,13.53838393552738,9.937708763384073,21.13604611537172,15.617866875304811,19.425075077455187,12.463966747097727,10.722699306124978,14.695093066168958,18.469086612966823,9.33199290378164
232,26.27192730266734,13.959173781552424,9.796379211853173,21.907972518931537,15.378628309328583,19.82182846794167,12.299788476935355,11.047888865654544,14.596374553998277,18.413664315794197,9.434830632324504
233,26.591395755526612,14.1124958521623,9.834921032858189,22.188728220976362,15.450125995406234,18.782343024857955,12.267279338622595,10.72812906271248,14.417087849171743,18.38666166302006,9.184590808546341
234,27.014968671446585,13.824760675809946,9.689307927690145,21.934874095852557,14.976194574852364,19.042490594320416,12.077339309934642,10.721817999157217,14.10595238137073,18.221527616790393,9.272717299339517
235,26.725110290596806,13.774237319961898,9.573356583010815,22.185665957204247,15.075066945107306,18.7987318149557,12.00610765285868,10.452970487377094,13.873414276114866,18.29294853113467,8.988616618179018
236,26.297550463607063,13.537087558579751,9.309560661837564,22.813454323986274,15.32791122165932,18.126498047289402,11.56273015066068,10.52561874715254,14.714626064252215,18.017823215225963,9.183802633394512
237,26.301987269529675,13.169751862563254,9.140987977363027,23.237331222922773,14.728190569620763,18.316402968228644,11.614992160009406,10.710271639505429,15.083799323669204,17.6151718650353,9.09611525636445
238,26.218807478546996,13.417928349222354,8.898885279600659,23.263128740324493,14.838233305894045,18.830318585792252,11.618104454357441,10.616839203908008,14.679992354110379,17.83613082349503,9.077540402405399
239,25.988356880197106,13.942275200803543,8.728554628916575,22.96216511624207,15.206503948786528,18.782346007883373,11.43257397556982,10.074529439289629,14.295174853587316,18.062324359689125,9.319861606557442
240,26.35907359973383,13.559667725306106,8.916146677877713,23.28313514904436,14.842476056551147,19.147515584277375,11.58713429462674,10.111189655062429,14.431958575885888,17.774295759265954,9.081442808116629
241,26.87388129896527,13.715199723841938,8.750117481988294,23.465140696317157,15.346803148419147,19.778918200287716,11.80933809316625,10.196360078992171,14.589120843572909,18.09565569042058,8.829684533335904
242,26.92779939387927,13.539852301947523,9.224896830554481,23.887056949533708,15.475377852735182,20.30999272543193,11.438480967481311,10.27557818693958,14.748472148162959,17.868721218092556,8.725727731135578
243,27.741957539643362,13.410532092396819,9.318145258526382,24.190431210190074,15.258132884546324,20.99134905823649,11.268063760280128,10.5290595135432,14.671782520695894,17.95963068882366,8.907307619151899
244,27.122086283993596,13.254511971375974,9.35444435887897,24.70152931043287,15.240554740870666,21.309458779543846,11.098760895521629,10.302342194863593,14.633343435204004,18.256931360597797,8.639231832243821
245,27.02362245612777,13.029339889390616,9.196984378332731,24.43648751483176,15.411117350272303,21.345860137730096,10.894730353808736,10.439836510171318,14.72793494043717,18.244870750910287,8.162080747400218
246,26.645256262057817,13.04388818033564,9.328489279800573,25.086810726400422,15.433985511991033,20.676888838643254,11.079676951774575,10.688115315326629,14.751571226249677,18.411771814866515,8.087377592230478
247,25.674970105693312,12.830770185513062,9.223472214546305,25.18405820539304,15.600605316512304,20.579458966865804,11.039500681105853,10.311027850944512,14.109513804474954,18.22279108879995,8.175712849618451
248,25.63860358582601,12.90223906451681,9.247775138260671,26.249143325105887,15.315400804362696,20.23930698829174,10.98393031659754,10.373560997638906,14.043210343878984,18.15153563628115,8.37291187390921
249,25.582292387798564,12.891157726968652,9.735470085649018,25.887663676009183,15.366791635995362,21.14161882090889,10.555002166924952,10.26592434036672,13.804527458098645,18.07716256994824,8.294287810922619
250,26.37470993175552,12.831565523115152,9.71864267237224,26.800023857843314,14.937833719913803,21.071553019170782,10.692601532268055,10.245647426266393,13.851403423210229,17.80945091697866,8.224907921285439
251,26.71587660419757,12.60259118301535,9.946519297097932,26.90407994123,14.904084694674918,21.127724261974667,10.433384346985049,10.313563123005354,14.701910510394528,17.746799895583845,8.415486906652514
